player_id,NAME
0,Tiffany James
1,Ashley Shaw
2,Elizabeth Leighton
3,Stefanie Chapman
4,Alise Brown
5,Keisha Brown
6,Abbey Duinker
7,Emma Duinker
8,Robyn Fleckenstein
9,Lindsay Harris
10,Jasmine Parent
11,Erika Berry
12,Sondra Medley
13,Belicia Bella-Ashe
14,Margaret Lamptey
15,Louise Valdez
16,Kari Everett
17,Nicole Works
18,Jahlica Kirnon
19,Karmen Brown
20,Katie McGarrigle
21,Luciann Lahey
22,Jelena Vujovic
23,Justine Macneil
24,Kelsey Hodgson
25,Caitlin Ulrich
26,Brittany Morrison
27,Stephanie Toxopeus
28,Rachael Harrison
29,Alex Legge
30,Leah Girdwood
31,Megan Wiggins
32,Anne Kiberd
33,Anna Vo maltzahn
34,April Scott
35,Brooke Sullivan
36,Patricia McNeil
37,Deanna Yarr
38,Carla Norrad
39,Jessica Frison
40,Cailin Crosby
41,Laurie Girdwood
42,Marie Mullins
43,Tiffany Tozer
44,Samantha Kavanagh
45,Erin Mullaley
46,Jennifer Parsons
47,Ericka Gratton
48,Brittany Dalton
49,Victoria Thistle
50,Robyn O'Rielly
51,Lauren Hawkins
52,Alexandria Forsey
53,Kim Devison
54,Emily Jameson
55,Anna Snow
56,Grace Fishbein
57,Stephanie Stewart
58,Angela Fifield
59,Justine Colley
60,Shanon Chapman
61,Amanda Smith
62,Kelsey Daley
63,Robbi Daley
64,Rhonda Kennedy
65,Stephanie Clarke
66,Lia Milito
67,Laure Pitfield
68,Rebecca Nuttall
69,Aicha Salah
70,Maria Konchalski
71,Katherine Kanaski
72,Camesha McKenzie
73,Rebecca Sheehan
74,Jocelyn Moore
75,Tory Anderson
76,Sheryl Chisholm
77,Kirsten Jones
78,Lisa Gauthier
79,Tristan Macdonald
80,Ellen Crosby
81,Elyse Hnatiuk
82,Ashley Stephen
83,Megan Corby
84,Samantha Kaminsky
85,Alisha Sterling
86,Emily Corey
87,Jessica Steed
88,Emma Russell
89,Laura Fowler
90,Jordanne Holstein
91,Amanda Sharpe
92,Tashina Va vlack
93,Melissa Foster
94,Kristen Johnson
95,Danielle Scime
96,Nadine Chomyc
97,Julia Vidic
98,Victoria Walker
99,Maria Younker
100,Carly Lafave
101,Kelly Debow
102,Katie Moore
103,Kirsten Walker
104,Shylanda Saunders
105,Julia McKenna
106,Sarah Moore
107,Juliana Lopez
108,Katy Germain
109,Marie-Eve Lemoine
110,M Ouellet-Godcharles
111,Janelle Haddad
112,Jessy Roy
113,Bethan Chalke
114,Robyn Wilson
115,Annick  charles
116,Tamara Grice
117,F Craig-Thompson
118,G Cote-Caouette
119,Elizabeth Coolen
120,Melissa Szilagyi
121,Magali Beaulieu
122,Kristin Portwine
123,Kourtney Diperno
124,Anne-Marie Prophete
125,Jill Verhesen
126,Yasmin Jean-Philippe
127,Valerie Delisle
128,A. Gregoire-Boudreau
129,Kendra Carrie
130,Shanice Yarde
131,Nekeita Lee
132,M. Ferland
133,E. Jobin
134,E. M-Poulin
135,M-L F-Laberge
136,M-M Genois
137,S. Ducruc
138,M. J-Tardif
139,M. L-Dion
140,C. St-Amour
141,J. Chapados
142,M-P Nadeau
143,K. Bariault
144,M. Lamarre
145,Nathifa Weekes
146,Stephanie Bergeron
147,A. Him-Lazarenko
148,Frances Grout-Brown
149,Francoise Charest
150,Marie-Pier Brabant
151,Rikki Bowles
152,Caroline Hebert
153,Brianne Coglon
154,Marie-Eve Martin
155,Kyla Bothwell
156,Elise Lepine
157,Helene Bibeau
158,Samantha Gormley
159,Emilie-Ann Downey
160,Michelle A-Bellemare
161,Therese Massock
162,Selwa Maatoug
163,Nadine Augustin
164,Karine Boudrias
165,Camille Michaud
166,Catherine Bougie
167,Marjolaine G-Theoret
168,Emie Simard
169,Jessica Bibeau-Cote
170,Stephanie Youakim
171,Irline Noel
172,Brittany Vandyken
173,Jill Szewczyk
174,Nambogga Sewali
175,Hayley Neal
176,Hillary Woodside
177,Kayla Skjerdal
178,Tara Giallonardo
179,Britt Pegg
180,Lauren Stewart
181,Devyn Cuncic
182,Emily McKay
183,Vanessa Steen
184,Whitney Gorges
185,Jess De signore
186,Karimah Issa
187,Alyson Bush
188,Jody Duncan
189,Courtney Smith
190,Bailey Lomas
191,Jessica Resch
192,Kendall Macleod
193,Ashleigh Cleary
194,Elizabeth Roach
195,Jennifer Stoqua
196,Sara Hickman
197,Ines Jelic
198,Alissa Schlote
199,Jamie Green
200,Marlee Freeman
201,Alex Yallin
202,Ali Dzikowski
203,Kara Muhlhausen
204,Diana Haefele
205,Samantha Russell
206,Laura Rajnak
207,Alex Russell
208,Jasmine Douglas
209,Samantha D jong
210,Corina Bruni
211,Emily Ross
212,Tasia McKenna
213,Lisa Styles
214,Danarae Sommerville
215,Georgia Harvey
216,Ayse Kalkan
217,Sarah Gordon
218,Chelsea Nekuliak
219,Chiaki Nakamura
220,Shannon Vellinga
221,Lindsay Druery
222,Katie Goggins
223,Lyndi Meloche
224,Carley Blaseg
225,Julia Kay
226,Mylaine Mageau
227,Kyla Csumrik
228,Norma Jea roberts
229,Lindsay Hocevar
230,Kauri Lafontaine
231,Jenna Kennedy
232,Lisa Furchner
233,Darrah Bumstead
234,Kara Hilton
235,Nicole Roeder
236,Amber Hillis
237,Kandice Baptiste
238,Mallory Kohlmeier
239,Renata Adamczyk
240,Christine Macdonald
241,A Southhall-Millward
242,Aleksa Brkic
243,Alena Luciani
244,Aimee Va dam
245,Megan Grant
246,Christa Mancino
247,Rebecca Rewi
248,Vanessa Bonomo
249,Emily Leger
250,Elizabeth Burns
251,Jaklynn Nimec
252,Hannah Lamb
253,Alyska Lukan
254,Taylor Smith
255,Hailey Milligan
256,Lis marie Iavarone
257,Nicole Rosenkranz
258,Taylor Chiarot
259,Melina Wishart
260,Kayte Chase
261,Awo Farah
262,Emilie Morasse
263,Kelly Weir
264,Courtney Berquist
265,Alex Naylor
266,Kizzy Clarke
267,Rose-Anne Joly
268,Jade Fair
269,Catherine Cloutier
270,Marie-Eve Caouette
271,Hannah Sunley-Paisley
272,Charlotte Mackenzie
273,Paige Robinson
274,Emma Glasgow
275,Brittany Moore
276,Maddie Soye
277,Richelle Gaudet
278,Christine Wallace
279,Sydney Kernahan
280,Erin Skippon
281,Hanna Koposhynska
282,Jill Wheat
283,Monika Szpytko
284,Katie Guthrie
285,Joanna Medri
286,Amanda Lum
287,Emily Larson
288,Erin McNeely
289,Megan Stoncius
290,Hayley Max-Lino
291,Tania Meunier
292,Robyn Fashler
293,Emma Currie
294,Grace Mahary
295,Alicia Va kampen
296,Katelyn McConnell
297,Nicki Schutz
298,Sherri Pierce
299,C. Quinlan
300,R. Holden
301,K. Beaucock
302,S. Shea
303,G. Hummel
304,E. Tilley
305,L. Bossers
306,K. Singbeil
307,S. Brathwaite
308,C. Brown
309,L. Becotte
310,S. Hickey
311,A. Puim
312,T. Lee
313,E. Button
314,Katelyn Leddy
315,Melissa Rondinelli
316,Sarah Mallen
317,Kelly Moulden
318,Rebecca Moss
319,Lauren Parkes
320,Jacklyn Selfe
321,Amanda Anderson
322,Beckie Williams
323,Stephanie Lundstrom
324,Maggie Morrison
325,Linh Nguyen
326,Emily Abbott
327,Shavaun Reaney
328,Tanya Leclerc
329,Georgia Billing
330,Iva Peklova
331,Raelyn Prince
332,Miah-Marie Langlios
333,Jessica Clemencon
334,Jessica Gordon
335,Kristy Chute
336,Laura Mullins
337,Bojana Kovacevic
338,Nadia Qahwash
339,Brittany Szockyj
340,Kate Mowat
341,Kara Smith
342,Michelle McLaren
343,Beth Hagarty
344,Emma Dillon
345,Kayla Pangos
346,April Hill
347,Emily Perras
348,Jenna Elliott
349,Emily Bolduc
350,Nicole Clarke
351,Sarah Binns
352,Josephine Peacock
353,Megan Wickstrom
354,Alexandra Keeley
355,Kendra Asleson
356,Stacey Sperling
357,Alysia Rissling
358,Caitlin Stiksma
359,Kaitlyn Arbuthnot
360,Georgia Popovici
361,Anneka Bakker
362,Marisa Haylett
363,Sarah Lopes
364,Rebecca Funk
365,Britney White
366,Melanie Thompson
367,Rosemary Mills
368,Stephanie Lacey-Avon
369,Amanda Fortin
370,Chelsey Hiebert
371,Chantel Gaslard
372,Jayla Bousquet
373,Hailey Toner
374,Nicisha Johnson
375,Kelsey Solarchuk
376,Megan Schaufele
377,Megan Maclean
378,Tilly Ettinger
379,Tamara Jarrett
380,Robyn Gibson
381,Alex Cole
382,Megan Lang
383,Esther Graff
384,Ashley Hill
385,Ashley Ashman
386,Kaitie Beard
387,Elise Horton
388,Courtney Heinricks
389,Becky Heninger
390,Stephanie Price
391,Lauren Taal
392,Sam Hornquist
393,Kara Henry
394,Stephanie Inman
395,Hannah Blanchette
396,Devon Kendall
397,Janelle Traber
398,Kenzie Sheen
399,Morgan Cross
400,Lauren Mortier
401,Kayla Klassen
402,Kait Flett
403,W. Lodge-Zaparnick
404,Nicole Vestby
405,Maria Pawlyshyn
406,Colleen Dorrian
407,Mubo Ilelaboye
408,Michele Hynes
409,Vanessa D vries
410,Deanna Hiebert
411,Stacey Walker
412,Kelsey Lothian
413,Rayna Belyk
414,Vanessa Wesolowski
415,Ashley Wishira
416,Gabrielle Gheyssen
417,Danielle Schmidt
418,Megan Chamberlin
419,Rebecca Schmidt
420,Lindsay Ledingham
421,Brittany Read
422,Joanna Zalesiak
423,Carmen Stewart
424,Lindsay DeGroot
425,Mary Hipperson
426,Jill Humbert
427,Kim Tulloch
428,Amy Lackie
429,Brittany Bodnar
430,Marci Kiselyk
431,Alicia Wilson
432,Lindsay Copeland
433,Lauren Whyte
434,Erica Gavel
435,Jana Spindler
436,Kali Ellis
437,Kaitlyn Widsten
438,Alex Allen
439,Jessica Mulock
440,Kayla Forsyth
441,Jen Ju
442,Beth McNeill
443,Tracy Kocs
444,Lindsay Dekoff
445,Kailey Colonna
446,Diane Schuetze
447,Michelle Dimond
448,Karalyn Forsyth
449,Joanna Balin
450,Emily Knauff
451,Crystal Ballentyne
452,Jessica Carmichael
453,Stephanie Carkner
454,Amanda Knauff
455,Rae-Maryse Laljee
456,Jordan Verhoeff
457,Lauren Doubroff
458,Lindsey Gustafson
459,Holly Strom
460,Karla Josefson
461,Corina Reimer
462,Tiffany Olsen
463,Keely Goertzen
464,Chloee St amour
465,Arianne Duchesne
466,Cathy Berar
467,Candace Morisset
468,Lia St pierre
469,Devan Lisson
470,Erika Vieweg
471,Montanna Dunmore
472,Zara Huntley
473,Alex Vieweg
474,Virginia Watson
475,Leigh Stansfield
476,Victoria Spangehl
477,Courtney Bartel
478,Jane Meadwell
479,Olivia Vardabasso
480,Naomi Dueck
481,Tessa Hart
482,Alexa McCarthy
483,Lauren Rieu
484,Ashley Smith
485,Alyssa Gaukel
486,Aieisha Luyken
487,Nicole Wierks
488,Sam Kurath
489,Michelle Lee
490,Carmen Lapthorne
491,Debbie Yeboah
492,Ashley Yee
493,Allison Mulock
494,Jane Anholt
495,Natalie Janssens
496,Kristen Hughes
497,Kayla Dykstra
498,Vanessa Forstbauer
499,Sarah Semeniuk
500,Elyse Matthews
501,Adele Baril
502,Alex Maciver
503,Caitlin Gooch
504,Keiko Kobayakawa
505,Kaitlin Rempel
506,Jessica Stromberg
507,Mackenzie Prasek
508,Randie Gibson
509,Kaitlin Frison
510,Alyssa Grant
511,Danielle Baril
512,Sarah Reilly
513,Amy Ogidan
514,Lydia Va vilster
515,Jessica Boutilier
516,Kristy Moore
517,Ariel Smith
518,Rachel Savage
519,Kathleen McIver
520,Charlotte Larry
521,Kira Pederson
522,Tanira McClurkin
523,Kayla McCarron
524,Che Kar beals
525,Melissa Sherwood
526,Denisha Haywood
527,Lauren Bosnjak
528,Anna Vonmaltzahn
529,Courtney Thompson
530,Tia Gerwatoski
531,Christine Ryan
532,Brittany Sullivan
533,Rachel Mays
534,Stephanie Hiltz
535,Kelia Pond
536,Tiffany Tozer-Mac
537,Cassidy Brothers
538,Amanda Martret
539,Shannon Chapman
540,Julie Hatcher
541,Jorunn Matthiessen
542,Susanne Canvin
543,Hayley Fox
544,Maegan Seaward
545,Kiley DeLong
546,Victoria Anderson
547,Spencer Lockhart
548,Katrina Kolarova
549,Alison Macpherson
550,Donisha Young
551,Anna Dahl
552,Leah Corby
553,Virginia Peters
554,Tamara Tompkins
555,Claire Colborne
556,Kelcy McNally
557,Marie Christin pare
558,Katelyn Powers
559,Laura Marcolin
560,Amy Gough
561,Nakita Newman
562,Emily Maceachern
563,Danielle Macdonald
564,Jenna Jones
565,C. Belanger-Paquet
566,Clare Murphy
567,G. Chamberland
568,Jennifer McDade
569,Riley Shkimba
570,Danna Janvier
571,Bailey Trafford
572,Kaylah Barrett
573,Magalie Beaulieu
574,Jesseca Eng
575,Chantelle Robertson
576,Yasmin Jean-Phillipe
577,Andrea Cavaleri
578,Andreanne G-Boudreau
579,Alex Boudreau
580,Tina Mpondani
581,Concordia Team
582,Marjorie Ferland
583,Catherine A-Cote
584,Elyse Jobin
585,Kathryn Bariault
586,Marie-L. F.-Laberge
587,Marie-Mich. Genois
588,Sandrine Ducruc
589,Melodie Lanie dion
590,Catherine Groleau
591,Catherine C.-Belzile
592,Marie-Pascale Nadeau
593,Eve-Sophie Lefebvre
594,Julie Chapados
595,Maude Dagenais
596,Natalie Larocque
597,Anneth Him-Lazarenko
598,Caroline Binette
599,Roya Assadi
600,Alexandra Hendren
601,Abena Addo
602,Valerie L'Ecuyer
603,McGill Team
604,Karine Ducharme
605,Stephanie Michaud
606,Valerie Gauvin
607,Maida Beaulieu
608,Andrea Polischuk
609,Annie McNeely
610,Samantha DeJong
611,Jessica Ramkeesoon
612,Jessica De signore
613,K Van-Slingerland
614,Darcy Hawkins
615,Genavieve Melatti
616,Beryl Mefful
617,Andrea Chomyc
618,Andjela Vorovac
619,Andrea Yallin
620,Kayla Goodhoofd
621,Emily Joslin
622,Melissa Wagner
623,Chelsea Kane
624,Alison Conrad
625,Sarah Dinsdale
626,Winta Desta
627,Sierra Guy
628,Katie Ulakovic
629,Darcy Zinck
630,Erin Duhaime
631,Megan Barss
632,Lindsay Inkila
633,Ashley Randall
634,Lacey McNulty
635,Krysten Patrick
636,Emily Case
637,Rebecca Goodier
638,Erin Simpson
639,Emma Decloe
640,Kaitlyn Young
641,Mary Scott
642,Felicia Mazerolle
643,Laura Doyle
644,Bree Chaput
645,Anna S-Millward
646,Doreen Bonsu
647,Kimberley Yeldon
648,Kathleen Knight
649,Caitlin Croley
650,Stephanie Truelove
651,Kim Cupid
652,Alexandra Roy
653,Sarah Nolette
654,Emilie Cyr
655,Tatiana Hanlan
656,Elizabeth Dent
657,Stephanie DeBoer
658,Jenna Gilbert
659,L Boag
660,P Robinson
661,R Urosevic
662,L Minutillo
663,B Moore
664,G Bullard
665,M Macdougall
666,C Wallace
667,S Kernahan
668,J Tomas
669,H Koposhynska
670,J Wheat
671,R Beddoe
672,J. Medri
673,J. Stratton
674,J. Longauer
675,E. McNeely
676,M. Stoncius
677,K. Menton
678,A. Va kampen
679,L. Bailey
680,R. Sider
681,A. Lauzon
682,J. Taylor
683,K. McConnell
684,N. Schutz
685,S. Pierce
686,Collen Quinlan
687,Sarah Lietch
688,Tori Lee
689,Mackenzie Lougheed
690,Madison Behr
691,Erin Tilley
692,Laura Bossers
693,Laura Burnett
694,Sabrina Brathwaite
695,Theresa Jacobse
696,Jenna Graham
697,Saraya Hickey
698,Kate Kuntze
699,Meghan Martyna
700,"

"
701,Jenny Vaughan
702,Lauren Seabrook
703,Laura Dally
704,Bhavika Chauhan
705,Lacey Knox
706,Matteke Hutzler
707,Korissa Williams
708,Sam Hislop
709,Miah-Marie Langlois
710,Jocelyn Larocque
711,Amber Irvine
712,Morgan Jean
713,Heather Angus
714,Llyandra Kerr
715,Courtney Osborne
716,Lexie Sananes
717,Saskia Va ginhoven
718,Sally Hillier
719,Jaime Norum
720,Arianne Sakundiak
721,Kirsten Molesky
722,Katie Arbuthnot
723,Madison Bradbury
724,Katie Ba d sype
725,Christen McLeod
726,Amandas Fortin
727,Jaynell Gillett
728,Alana Johnston
729,Kiersten Hilton
730,Lauren Deane
731,Sarah Allison
732,Lawrie Saunders
733,Samara Pereira
734,Juhee Thompson
735,Cassidy Taal
736,Mickenzie Czech
737,Taylor Crozon
738,Danielle Sheen
739,Kimberley Veldman
740,S. Carmona-Galdamez
741,Stephanie Gill
742,Carlene Ilago
743,Samantha Pyke
744,Robyn Eyer
745,Allison Balasko
746,Asia Rhines-Malone
747,Taylor Pelletier
748,Carly Graham
749,Anne Mercer
750,Jennilea Coppola
751,Kayla Hannah
752,Kabree Howard
753,Riley Humbert
754,Katie Miyazaki
755,Trisha Carriere
756,Telina Chomey
757,Emi Ohama
758,Jorri Duxbury
759,Morgan Wingate
760,Chelsey Olsen
761,Rachelle Briscoe
762,Rochelle Thoutenhoofd
763,Chloee S amour
764,Kris Young
765,Lia St Pierre
766,Alyssa Binns
767,Zana Williams
768,Sarah Wierks
769,Tessa Klassen
770,Celeste Dyck
771,Cassandra Patenaude
772,Jessica Renfrew
773,Cassandra Goodis
774,Stephanie Kleysen
775,Yael Kaplan
776,Britley Wermie
777,Angella Griffith
778,Ashleigh Chichlowski
779,Lydia Va Vilsteren
780,Chika Chiekwe
781,Melissa Gottschall
782,Rit Leila Sibo
783,Maya Macatumpag
784,Carlie Macdonald
785,Jacquelyn Caravella
786,Hope Edwards
787,Sarah MacDonald
788,Vicki Thistle
789,Brittany Hollins
790,Justine MacNeil
791,Cassie Cooke
792,Anna vo Maltzahn
793,Korenda Colley
794,Tessa Stammberger
795,Hannah Gonzales
796,Rebecca Evans
797,Catherine Butts
798,Tiffany McMillion
799,Rebecca Amo-Mensah
800,Marika Vande Elzen
801,Megan Robinson
802,Kelli Linehan
803,Samantha Martin
804,Jorunn Mattheissen
805,Lindsay Panchan
806,Naomie Fequiere
807,Laura Langille
808,Brittney Brown
809,Vanessa Pickard
810,Hannah Clark
811,Kolbi Roper
812,Alex Martell
813,Samantha Wilson
814,Alison Chalke
815,Rachel Cleary
816,Katelynn Carver
817,Colleen Daly
818,Katelynn Donahoe
819,Terrilyn Herrick
820,Carly LaFave
821,Marie-Christine Parent
822,Emily MacEachern
823,Danielle MacDonald
824,Laura Power
825,Catherine Belanger-Paquet
826,Gabrielle Chamberland
827,Veronique Fortin-Tremblay
828,Marie-Michele Paquin
829,Catherine Rondeau
830,Danielle Lumley
831,Annic Stephanny Charles
832,Eloisa Katz
833,Emilie Hamel
834,Ashley Clarke
835,Serginha EstimÃ©
836,Andrea Baptista
837,Evangeli Anteros
838,Mathilde Larochelle
839,Natasha Raposo
840,DaphnÃ© Thouin
841,Sarah Caron-Pare
842,Jannie Jacques
843,Melodie Laniel-Dion
844,Chanelle St-Amour
845,Rachel Blouin-Brochu
846,Dianna Ros
847,Shelby Eveleigh
848,Gabriela Hebert
849,Eve Marquis-Poulin
850,Tiye Traore
851,Fatoumata Dia
852,Naila Farrah
853,Anne-Marie Lavoie
854,Lorna Desrameaux-S.
855,Jessica Leger
856,Katie Harpur
857,Kayla Santilli
858,Jenalyn Yumol
859,Samantha Dejong
860,Becky Ralph
861,Chloe Levy
862,Krista Va Slingerland
863,Chelsey Blackman
864,Kendall MacLeod
865,Maddison Turner
866,Jessica Boelhouwer
867,Barabara Inrig-Pieterse
868,Alyssa Shortt
869,Dana Va Balkom
870,Andjela Borovac
871,Alison Morris
872,Camille Gardiner
873,Katherine MacTavish
874,Nicole Vanhaarlem
875,Karen Sawchuk
876,Kelsey Bardsley
877,Kelsi Robinson
878,Laura Cooper
879,Erika French
880,Carolyn Fragale
881,Devenae Bryce
882,Adrienne Moreau
883,Katarina Schwabe
884,Danielle Harris
885,Amanda McDonald
886,Mandy Cosentino
887,Rachel McLean
888,Natasha Valconi
889,Courtney Bruce
890,Natalie Taylor
891,Samantha Jacobs
892,Shelby Kurt
893,Isabel Ormond
894,Kathryn Dye
895,Jacklynn Nimec
896,Abby Hurd
897,Katie Knight
898,Rebecca Quiring
899,Samantha Hunt
900,Casea Fuller
901,Emilie Vachon
902,Kaitlin Dafoe
903,Elissa Dewit
904,Teddi Firmi
905,Ariane Lachance-Scantland
906,Maddie Stephen
907,Kellie Ring
908,Ashley Hoover
909,Bess Lennox
910,Liz Boag
911,Rachael Urosevic
912,Lisa Minutillo
913,Gemma Bullard
914,Meaghan MacDougall
915,Hanna Kopshynska
916,Jenny Wright
917,Emma Stallwood
918,Jillian Siemienik
919,Melissa Frederick
920,Jill Stratton
921,Julie Longauer
922,Kristina Menton
923,Alicia Va Kampen
924,Liane Bailey
925,Rachael Sider
926,Amanda Lauzon
927,Jenalle Vanhie
928,Jen Coffin
929,Colleen Quinlan
930,Erin Robbins
931,Cheryll Paranaque
932,Vivian Milliken
933,Emma Phillips
934,Sam McIntrye
935,Marti Killeen
936,Emma Nieuwenhuizen
937,Caroline Wolynski
938,Annabel Hancock
939,Jory McDonald
940,Jocelyn LaRocque
941,Bethany Wachna
942,Tessa Kreiger
943,Anna Mullins
944,Francesca Bellehumeur-Moya
945,Jillian Walker
946,Samantha Ernest
947,Hayley Finn
948,Emma Ferguson
949,Shelby Hulcul
950,Renee Byrne
951,Andria Carlyon
952,Kelly Lyons
953,Megan Va d kraats
954,Kalee Kartzmark
955,Kaela Cranston
956,Kalena Green
957,Stephanie Haynes
958,Raisa Rybinski
959,Aimee Johnston
960,Alanna Johnston
961,Sarah Dobie
962,Jessica Franz
963,Jenna Kaye
964,Jessica Roseboom
965,Ashley Hirons
966,Erika Romanow
967,Sara Levesque
968,Ali Cameron
969,Jami Wiebe
970,Kassie Colonna
971,Natalie Nichols
972,Katlyn Olsen
973,Kim Veldman
974,Deanna Dotts
975,Andrea Filipkova
976,Brittany Koop
977,Christiane Fischer
978,Melanie Edel
979,Michelle Clark
980,Madi Docherty
981,Alyssia Kajati
982,Kiera Lyons
983,Taya Keujer
984,Tracy Holloway
985,Kelsey Trulsrud
986,Dalyce Emmerson
987,Jordyn Halvorson
988,Jade Montgomery
989,Sarah Malate
990,Britney Walton
991,Taiysa Worsfeld
992,Ashleyn Sarowa
993,Katelyn Star
994,Laurissa Weigl
995,Kristen Ford
996,Laurelle Weigl
997,Sarah Cleveland
998,Cassandra Knievel
999,Chloee St Amour
1000,Kristjana Young
1001,Stephanie Bell
1002,Adrienne Parkin
1003,Alexandra Vieweg
1004,Melissa Irish
1005,Emily Kanester
1006,Audrey Siebert-Timmer
1007,Ashley Briker
1008,Kiersten Schulhan
1009,Krystal Schouten
1010,Roslyn Huber
1011,Madison Kaneda
1012,Whitney Hamilton
1013,Laura Campbell
1014,Tia Sadler
1015,Mackenzie Carnes
1016,Angela White
1017,Emiko Ohama
1018,Emma Woo
1019,Jaslyen Kau singh
1020,Z. Smith-Haramboure
1021,Lauren Dian sollero
1022,Kayli Sartori
1023,Samantha Kurath
1024,Jenny Lewis
1025,Deborah Yeboah
1026,Shaylyn Crisp
1027,Jordyn Newman
1028,Mackenzie Landsburg
1029,Chelsea Mcmullen
1030,Heather Hildebrandt
1031,Tia Coulter
1032,Ella Greer
1033,Brittany Rosenfelt
1034,Alex Warburton
1035,Carlie MacDonald
1036,Molly Labenski
1037,Emily Nkosi
1038,Aprille Deus
1039,Kara MacKinnon
1040,Colleen Keane
1041,Samantha Minicucci
1042,Kayla Gardner
1043,Natasha Roach
1044,Jalynn Skeir
1045,Naudia Campbell
1046,Madison Tompkins
1047,Emily Hanaka
1048,Ainsley Macintyre
1049,Maya Wold
1050,Carolyn Adams
1051,Sandra Amoah
1052,Katherine Vande Elzen
1053,Ally Forsey
1054,Sam Kavanagh
1055,Nancy Basurto-Hernandez
1056,Alexandra Smye
1057,Amanada Smith
1058,Angelina Carvery
1059,Hilary Graham
1060,Taiyanah Scott
1061,Naomie Freguiere
1062,Becky Nash
1063,Courtney Kilyk
1064,N. Fon Lye Quee
1065,Lindsay Lessard
1066,Kayla MacIntyre
1067,Selali Acolatse
1068,Sam Kaminsky
1069,Nisja Bass
1070,Caroline Healy
1071,Karlen Majcher
1072,Laura Fox
1073,Chelsey Collette
1074,Kathelynn Carver
1075,Katelyn Mangold
1076,Holly Jones
1077,Rayelle Morrison
1078,V. Fortin-Tremblay
1079,Sabrina Asselin
1080,Haley Lewis
1081,Marie-Douce Bergeron
1082,Cynthia Suissa
1083,Tamara Pinard-Devos
1084,Marilyse Roy-Viau
1085,Serginha Estime
1086,Richelle Gregoire
1087,Jodelle Dixon
1088,Daphne Thouin
1089,Catherine Andrews-Cote
1090,Marilyn Bariault
1091,Gabrielle Girard
1092,Jennica Laberge
1093,Justine Guay-Bilodeau
1094,Vanni-Eve Perreault-Liard
1095,Josianne Lavoie-Jalbert
1096,Emilija Davidovic
1097,Marie-Pier Bastrash
1098,Mariam Sylla
1099,Monica Slyka
1100,McGILL TEAM
1101,Lysandre Rivest
1102,Penelope St-Cy Robitaille
1103,Marie-Claude Lavertu
1104,Elina Conduche
1105,Queteline Celestin
1106,Lorna D-Simon
1107,Janice Quintos
1108,Jessica P-Dostie
1109,Juliette Delaune
1110,Dayna Howlett
1111,Ainsley Camroux-Peacock
1112,Shanice Govia
1113,Brianne Ozimok
1114,Laura Kayser
1115,Natasha Plaskacz
1116,Lindsay Shotbolt
1117,Lindsey Suprunchuk
1118,Claire Abbott
1119,Maddie Turner
1120,Lindsay Kavanagh
1121,Barbara Inrig-Pieterse
1122,Kathryn Shortt
1123,Kate Yallin
1124,Brooke Kelly
1125,Erica McFadden
1126,Vanessa Rampado
1127,Julia Tennant
1128,Alex Beatty
1129,Emily Lerrete
1130,Katelyn Zen
1131,Gabrielle Robin
1132,Rachael Bland
1133,Helena Steeves
1134,Jessica Dehaan
1135,Jenna Davidson
1136,Sasha Polishchuk
1137,Emily Tymchuck
1138,Le Anna Osei
1139,Kaitlyn Schenck
1140,Heather Payne
1141,Whitney Ellenor
1142,Danielle Boiago
1143,Liz Burns
1144,Rachel Holmes
1145,Marie Korte
1146,Clare Kenney
1147,Siobhan Manning
1148,Laura Whaley
1149,Julia Soriano
1150,Catherine Traer
1151,Katherine Lemoine
1152,Emily Hazlett
1153,Rachel Urosevic
1154,Laura Baker
1155,Meaghan Macdougall
1156,Maria Gill
1157,Nicole Morse
1158,Robyn Pearson
1159,Claire Endicott
1160,Sarah Rudy
1161,Jasmine Lewin
1162,Vanessa Wallace
1163,Rachel Sider
1164,Kianna Cadogan
1165,Alanna Garner
1166,Vanessa Brathwaite
1167,Kayla Karl
1168,Jacqui Rodrigues
1169,Ivana Juric
1170,Swetha Kulandaivelan
1171,Jenel Ulman
1172,Alicia Hoffman
1173,Natasha Stoyakovich
1174,Gia Spiropoulos
1175,Sam McIntyre
1176,Erika Persson
1177,Vanessa Barnwell
1178,Camilla Paluch
1179,Meredith McLeod
1180,Mara Greunke
1181,Caitlyn Longmuir
1182,Andrea Kiss
1183,Kim Moroun
1184,Bethanie Wachna
1185,Jacqueline Koudys
1186,Erin Sarapnickas
1187,Ishanaa Seupersadsingh
1188,Shauney Fischer
1189,Emma Thompson
1190,Cyrielle Recoura
1191,Taylor Ross
1192,Saskia Va Ginhoven
1193,Shelby Hucul
1194,Jessilyn Fairbanks
1195,Kendall Lydon
1196,Maddie Rogers
1197,Maegan Mackay
1198,A. McDonald-Okoro
1199,Brittany Boudreau
1200,Carrera Lamoureux
1201,Elsa Langill
1202,Kristie Sheils
1203,Lindsey Agnew
1204,Clarise Jennings
1205,Kiersten Craig
1206,Alyssa Van' Hof
1207,Karen Li
1208,Lauren Tolley
1209,Dani Sheen
1210,Madison Kinzel
1211,Karina Patterson
1212,Rebecca Potter
1213,Tia Majewski
1214,Krystal Drain
1215,Lisa Ivanics
1216,Evan Hudson
1217,Danica Rybachuk
1218,Hilary Annich
1219,Nikki Golding
1220,Shehana Woodland
1221,Kristen Docherty
1222,Jenelle Gieske
1223,Jordan Anstice
1224,Jordan MacLean
1225,Carrie Campbell
1226,Annalise Posein
1227,Charlotte Kot
1228,Katie Polischuk
1229,Kehlsie Crone
1230,Desarae Hogberg
1231,Kaylee Halvorson
1232,Brittany Shockey
1233,Bailey Johnson
1234,Jenna Quinton
1235,Denise Spacek
1236,Taiysa Worsfold
1237,Megan Sherwood
1238,Rebeca Fernandez
1239,Dana Clarkson
1240,Jamie Andrew Stobart
1241,Chantelle Martin
1242,Natalie Carkner
1243,Luca Schmidt
1244,Maddie Lougheed
1245,Cherub Lum
1246,Maggie Sundberg
1247,Jaime Hills
1248,Andrea Strujic
1249,Susan Thompson
1250,Jessica Jazdarehee
1251,Laura Gini
1252,Kayla Mcfadden
1253,Jaslyen Singh
1254,Jessica Collins
1255,Shayna Litman
1256,Kaitlyn Brink
1257,Jordyn Rabbitt
1258,Allison Seinen
1259,Lauren Lamont
1260,Kady Dandeneau
1261,Mercedes VanKoughnett
1262,Sarah Robin
1263,Jennifer Bruce
1264,Kellie Fluit
1265,Emily Kaehn
1266,Jasprit Nijjar
1267,Jenna Krug
1268,Ashley McGinnis
1269,Tessla Rennie
1270,Nicole Karstein
1271,Jenna Bugiardini
1272,Kristen Monasterski
1273,Chelsea McMullen
1274,Lauren Anderson
1275,Katie Waring
1276,Megan Noonan
1277,Kerri Kuzbyt
1278,Taylor Thorkelsson
1279,Rita Leli Sibo
1280,Keesha Peterson
1281,Chanel Smith
1282,Katie Ross
1283,Miriam Franchetto
1284,Emily MacLeod
1285,Alexandra Berry
1286,Tamara Dondi
1287,Maire Burke
1288,Rasheeka Gunn
1289,Keishia Lespoir
1290,Valentina Primossi
1291,Alison Keough
1292,Yasmine Taylor
1293,Hollie MacDonald
1294,Christina Brown
1295,Carissa Poulin
1296,Ainsley MacIntyre
1297,Shaylyn Field
1298,Olamide Ojuawo
1299,Melissa Ellis
1300,Shannon Forbes
1301,Chante Clarke
1302,Sydney Stewart
1303,Lindsay taylor
1304,Brianna MacKeigan
1305,Brooklyn Wright
1306,Sydney Ezekiel
1307,Erica Gillis
1308,Molly Dawson
1309,Katrina Murrell
1310,Rachelle Coward
1311,Carlie Nugent
1312,Batoul Kababji
1313,Jessica Sundblad
1314,Nisia Minicocci
1315,Megan Thompson
1316,Mairead Dunn
1317,Kimberley Taylor
1318,Shannon Hatch
1319,Alana Lawn
1320,Colleen Daley
1321,Laura Kaye
1322,Laura Bamford-Cleland
1323,Tilley Ettinger
1324,Annika McConachy
1325,Grace Wade
1326,Hannah Currie
1327,Candace Smith
1328,Jane MacLaughlin
1329,Kiera Rigby
1330,Jessica Patenaude
1331,Elysia Drost
1332,Glendeira Smith
1333,Edith Noblecill var
1334,Valerie Tremblay
1335,Marie-Pascale Duhame
1336,Naomie Zitt-James
1337,Jenae Grayer
1338,Kayla Prete
1339,Charlott Jorunn Matthiessen
1340,Mara Li Marchizotti
1341,Genevive Onyeka
1342,Ashley White
1343,Daphné Thouin
1344,Serginha Estimé
1345,Shannah Ernest
1346,Alex Tessier
1347,Genevieve Derome
1348,Catherine Belanger-P
1349,Raphaelle Cote
1350,Veronique Fortin-T.
1351,Justine Guay-Bilod.
1352,Rosemarie Rinfret-P.
1353,Josianne L-Jalbert
1354,Lisa Lefevre
1355,Cyrielle Bouvier
1356,Carolann Cloutier
1357,Elizabeth McIellan
1358,Jennifer Silver
1359,Alex Kiss-Rusk
1360,Claudia Riel
1361,Danielle Dimitrov
1362,Sara Cabana
1363,Lorna D.Simon
1364,Catherine Perigny
1365,Jessica Lubin
1366,Aleksandra Kancheva
1367,Karissa Kajorinne
1368,Anna Stilin
1369,Courtney White
1370,Sydney Resch
1371,Alyssa Dovigi
1372,Jenni Thompson
1373,Carlie Manners
1374,Stephanie Jennings
1375,Amanda Orr
1376,Laura Meadows
1377,Daya Bhogal
1378,Taylor McAllister
1379,Alexandra Symonds
1380,Gerda Kruckauskaite
1381,Rebecca Ralph
1382,Kira Cornelissen
1383,Stephanie Carr
1384,Marla Corney
1385,McKenzie Sigurdson
1386,Abeer Farhat
1387,Alexandra Czich
1388,Tauralee Tenn
1389,Amanda Niyonkuru
1390,Heather Lindsay
1391,Katelyn Yallin
1392,Samantha Renshaw
1393,Michelle Douglas
1394,Regan Duff
1395,Jylisa Williams
1396,Cassandra Soulias
1397,Kylee Kuchta
1398,Katelyn Andrea
1399,Jerika Baldin
1400,Blair McNaughton
1401,Essa Jacobsen
1402,Gillian Lavoie
1403,Ashley Ing
1404,Amanda Cosentino
1405,Janaye Tucker-Titanich
1406,Jaime Soffer
1407,L'Ashante Henry
1408,Lee Ann osei
1409,Nicole Morrison
1410,Alexandra Spadaro
1411,Melissa Dally
1412,Sarah Dillon
1413,Katrina Ward
1414,Lexie Spadafora
1415,Jackie Nimec
1416,Brooke-Lyn Murdoch
1417,Rachael Holmes
1418,Jelena Mamic
1419,Courtney McPherson
1420,Charlotte MacKenzie
1421,Stephanie Macdonald
1422,Sarah Va hooydonk
1423,Kellie Forand
1424,Danielle Marion
1425,Francesca Bellehumeur
1426,Sarah Besselink
1427,Angela Tilk
1428,Akpene Kwamie
1429,Sophie Bruyere
1430,Sarah Saftich
1431,Abby Dixon
1432,Amy Cotton
1433,Andrea Priamo
1434,Nicole Barnard
1435,TORONTO TEAM
1436,J Momic
1437,R Atkinson
1438,J Stratton
1439,J Longauer
1440,D Edwards
1441,V Wallace
1442,M Laurin
1443,A Va Kampen
1444,L Bailey
1445,R Sider
1446,E Piccini
1447,S Sucharme
1448,K Chute
1449,A Garner
1450,V Brathwaite
1451,Elizabeth Holmes
1452,Caitlin Macleod
1453,Ally Vonk
1454,Emily Wilk
1455,Kristen Osborne
1456,Julie Pavlik
1457,Chiara Pellegrino
1458,Alicia Sestili
1459,Louise Bunce
1460,Sasha Samardzija
1461,Lindsay Kondracki
1462,Kelsey Wright
1463,Victoria Heine
1464,Mackenzie Puklicz
1465,Abigail Kuun
1466,Kristine Lalonde
1467,Cheyanne Roger
1468,Emily Prevost
1469,Jackie Koudys
1470,Nina Guzina
1471,Faatimah A
1472,Elle Hendershot
1473,Colleen Moyer
1474,Erin Mackinnon
1475,Caitlin Lennon
1476,Aleah Bridges
1477,Shonte Devernichuk
1478,Kinsley Ransom
1479,Stephanie Hunter
1480,Keegan Robinson
1481,Amy Williams
1482,Emma Vickers
1483,Hayli Hinchey
1484,Brianna Ghali
1485,Jessica Thielen
1486,Aimee Wilson
1487,Sara Simovic
1488,Erin James
1489,Larsyn Webster
1490,Zoe Dahl
1491,Kendra Lee
1492,Mariah Miller
1493,Kelsey Willoughby
1494,Claire Harvey
1495,Jenilyn Monton
1496,Mackenzie Judd
1497,Christina Posthumus
1498,Vanessa DeVries
1499,Martina Allen
1500,Alicia Tan
1501,Angela Driscoll
1502,Melissa Moore
1503,Candice Duckett
1504,India Ashboth
1505,Jordan McLean
1506,Yasmene Saghir
1507,Brooke Lister
1508,Maya Parker
1509,Caitlin Zacharias
1510,Sidney Dobner
1511,Sara Hubenig
1512,Janine Guijt
1513,Antoinette Miller
1514,Madeline Humbert
1515,Megan Lindquist
1516,Cathy Jordan
1517,Karson Hawgood
1518,Sydney Williams
1519,Ryan Kennedy
1520,Shenise Sigsworth
1521,Kylie Carson
1522,Arielle Lavoie
1523,Ana Lomavatu
1524,Brooke Pattyn
1525,Kayla Gordon
1526,Jenna Bracken
1527,Jamie Andrews-Stobar
1528,Kamila Wojciechowski
1529,Harleen Sidhu
1530,Shenelle Tamminen
1531,Julia Reichert
1532,Kayla McFadden
1533,Olivia Johnson
1534,Claire Elliott
1535,Nataliia Gavryliuk
1536,Kendra Arnold
1537,Kaitlyn McDonald
1538,Hailey Kendall
1539,Kayla Wharton
1540,Carly Corrado
1541,Chantel Nicholson
1542,Kylie Pozniak
1543,Chelsey Thorne
1544,Cassandra Rerick
1545,Mavia Nijjer
1546,M. Vankoughnett
1547,Jen Bruce
1548,Emily Aase
1549,Emily Jentsch
1550,Mikaela Turik
1551,Jordan Christie
1552,Brittania Brown
1553,Kelsey Ngo
1554,Tia Ruddock
1555,Skylar Boulanger
1556,Lauren Jodrey
1557,Joy Chiekwe
1558,Barbara Bitchoka
1559,Hannah Stokes
1560,Paloma Anderson
1561,Allie Berry
1562,Emalee Doyle
1563,Shantiera Miller
1564,Liliana Almeida
1565,Madison Munro
1566,Hannah Brown
1567,Diedre Alexander
1568,Emma MacLean
1569,Shalyn Field
1570,Abigail MacDonald
1571,Mona Frey
1572,Lindsay Taylor
1573,Rosie Stanoev
1574,Brooklynn Wright
1575,Tianna Brown
1576,Emma Valikoski
1577,Veronica Vaickus
1578,Belinda Ndaye
1579,Kennisha-Shanice Luberisse
1580,Shanieka Wood
1581,Carolyn Smith
1582,Jennifer McTague
1583,Britney Molina
1584,Samantha Robertson
1585,Emma Taylor
1586,Jamelia Clark
1587,Delaney Montague
1588,Jane Boyle
1589,Nicole LaFleur
1590,Annika McConaghy
1591,Jane Baird
1592,Marie-Laurence Dulud
1593,M-P Duhamel-Desautel
1594,Naomi Zitt-James
1595,Noemie Hame petit
1596,Genevieve Onyeka
1597,Alex Ruscica
1598,Mara Marchizotti
1599,Joy-Celine Bermillo
1600,Domunique Booker
1601,Catherine Guay
1602,Aurelie d'Anjo Drouin
1603,Maria Kaperonis
1604,Salimata Diarra
1605,Jessy Berbari
1606,Claudia Emond
1607,Jane Gagne
1608,Sarah-Jane Marois
1609,Maripier Courchesne
1610,Naomi Lavallee
1611,Sara Choong
1612,Marika Guerin
1613,Marie-Love Michel
1614,Caren-Carissa Tapia
1615,Stephanie Blais
1616,Bianca Marois
1617,Fanny Chiecchio
1618,Sarah Cabana
1619,Michèle Audet
1620,Quételine Célestin
1621,Alexane Anglehart
1622,Lorna Desrameaux-Simon
1623,Carmen Djssou
1624,Brittany Brown
1625,Rhaelyn Gillespie
1626,Stacie Cain
1627,Becky Dewetering
1628,Sarah Pallett
1629,Kate Harpur
1630,Marie Hacking
1631,Melissa Tatti
1632,Gerda Kurckauskaite
1633,Aryn Finley
1634,Sydney Glanville
1635,Emma O'Brien
1636,Nicole Istead
1637,Brianne Hamilton
1638,Nicole Gilmore
1639,Elizabeth Leblanc
1640,Bridget Atkinson
1641,Megan Brenkel
1642,Haley Belyk
1643,Sarah MacRae
1644,Jessica Morris
1645,Quincy Sickles-Jarvis
1646,Rebecca Morris
1647,Mozanga Ekwalanga
1648,August Ricketts
1649,Bridget O'Reilly
1650,Jacqueline Wilkinson
1651,Meghan Forestell
1652,Emily Tinnes
1653,Adriane Bruni
1654,Nicole Eccles
1655,Claire Fawcett
1656,Amanda Milanis
1657,Elisha Suderman
1658,Lauren Jamieson
1659,Melissa Pare
1660,Hilary Hanaka
1661,Alexis Spadafora
1662,Erin Burns
1663,Allyson Schweitzer
1664,Adrienne Peters
1665,Michaela Ionni
1666,Linnaea Harper
1667,Rachel Va Woezik
1668,Kelsey Balog
1669,Mackenzie Bahm
1670,Kelly Dunk
1671,Leisa Wierenga
1672,Samantha Therrien
1673,Maeve Therriault
1674,Stephanie Hunt
1675,Emma Vanderlee
1676,Shaudae Murray
1677,Jen Stoqua
1678,Stephanie MacDonald
1679,Krista va Slingerland
1680,Julia Dostaler
1681,Ariane Lefevbre
1682,Jennifer Crowe
1683,Isabelle Dion
1684,Katie Murphy
1685,Brittany Roberto
1686,Marianne Alarie
1687,Lauryn Friesen
1688,Maddie Morris
1689,M Baker
1690,A Addo
1691,J Gaunt
1692,S Ducharme
1693,J Lewin
1694,S Acolatse
1695,Fran Smith
1696,Amy Jarvis
1697,Julia Pavlik
1698,Hilary Ferguson
1699,Maddy Horst
1700,Jayme Muir
1701,Sarah Schulz
1702,Ally Brandt
1703,Alex Va heeswyk
1704,Sam Loucks
1705,Pam Licata
1706,Chidera Ifearlundu
1707,Courtney VandeBovencamp
1708,Carly Steer
1709,Haley Bowie
1710,Erika Diloreto
1711,Jackline Gore
1712,Denyse Mangubat
1713,Taylor McAlpine
1714,Tess Heinricks
1715,Sydney Kumar
1716,Megan Tywoniuk
1717,Erin MacKinnon
1718,Mikaela Stanton
1719,Shayna Mathison
1720,Kylee Howard
1721,Ambrea McDonaldokoro
1722,Kira Tufts
1723,Alyssa Montgomery
1724,Shinelle Handzuik
1725,Anmol Mattu
1726,Emily Morales
1727,Chloe Campbell
1728,Kelsey Lund
1729,Connie Harris
1730,Courtney Kwasney
1731,Kaitlin Bracko
1732,Elizabeth Buie
1733,Karli McLachlan
1734,Allexia Barros
1735,Kylie Mazutinec
1736,Victoria Brown
1737,Kelly O'Hallahan
1738,Meagan Carr
1739,Kari Kubinec
1740,Kerilynn MacLennan
1741,Megan Wood
1742,Brittani Blake
1743,Paige Knull
1744,Kayla Ivicak
1745,Kelly Fagan
1746,Alex Lauber
1747,Atoosa Jalayeri
1748,Montana Kinzel
1749,Caitlin Ticzon
1750,Jayla Verney
1751,Drew Knox
1752,Tyleigha Nelson
1753,Desiree Oakley
1754,Abby Gibb
1755,Florence Jennings
1756,Cassiday Taal
1757,Britton Belyk
1758,Christina McCusker
1759,Maya Olynyk
1760,Sascha Litchenwald
1761,Vera Crooks
1762,Kanesha Reeves
1763,Emma Piggin
1764,Emily Vilac
1765,Michelle Bos
1766,Angela Clarke
1767,Nathania Takyi
1768,Jessie Brown
1769,Grace Tadrous
1770,Kristin Ford
1771,Tessa Ratzlaff
1772,Hilary Wood
1773,Diana Lee
1774,Kara Spotton
1775,Vanessa Botteselle
1776,Michaela England
1777,Haylie Gibb
1778,Rachel Knoll
1779,Robyn Aulin-Haynes
1780,Jenika Bannerman
1781,Daniella Vanbergen
1782,Sara Kurath
1783,Chantal Ewert
1784,Sarah Buckingham
1785,Cassie Rerick
1786,Stacey Graham
1787,Nicole Boon
1788,Kellieanne Fluit
1789,Vasiliki Louka
1790,Hannah Pudlas
1791,Eleni Steriopoulou
1792,Marisa Harrington
1793,Amira Giannattasio
1794,Sherrie Errico
1795,Amy Sprangers
1796,Kristy Gallagher
1797,Paige Thomson
1798,Lucija Golubic
1799,Samantha Donald
1800,Katie Hastings-Van
1801,Jasmine Ibrahim
1802,Shawn Pallister
1803,Payton Gomes
1804,Paige Hasting van
1805,Ellen Hatt
1806,Lauren Miller
1807,Sarah Taylor
1808,Alyson Fulton
1809,Kelsey Rice
1810,Karina Kuchta
1811,Adrianna Beck
1812,Kristen Schilz
1813,Jayda Pearson
1814,Erin O'Rourke
1815,Sophie Gaube
1816,Sarah Preston-Thomas
1817,Ashley Cain
1818,Michela Barresi
1819,Kelsey Moore
1820,Rosemary Stanoev
1821,Katherine Vande Elz
1822,Andreanne Ennis
1823,Haille Nickerson
1824,Kelsey McGrath
1825,Geana George
1826,Josie Gascoigne
1827,Courtney Cain-Nordin
1828,Chelsea Provo
1829,Marcy Robinson
1830,Holly Scott
1831,Jamie McCarron
1832,Courtney Bulman
1833,Kendra Smith
1834,Eva Tumwine
1835,Megan Campbell
1836,Nailah Jones
1837,Grace Simpson
1838,Jasmine Jones
1839,Katie Donahoe
1840,Sarah Peters
1841,Victoria Barbour
1842,Julie Campbell
1843,Kendra Craswell
1844,Jane McLaughlin
1845,Kaylyn Toner
1846,Jennifer Newman
1847,Angenay Williams
1848,Edith Noblecill Varela
1849,Taylor Dennis
1850,Ashley Milhomme
1851,Maude Archambault
1852,Naomi James
1853,Noemie Hamel-Petit
1854,Alexandra Ethier
1855,Charlene Pettigrew
1856,Evelyn Verrett
1857,Elise Roy
1858,Shanica Baker
1859,Jessika Joly
1860,Latifah Roach
1861,Tylea Cole
1862,Erika Jacques
1863,Alexa Schryver
1864,Valerie Demeule
1865,Julie Dufresne
1866,Justine G.-Bilodeau
1867,Marie-Pier Champagne
1868,Anne-Fred. Turcotte
1869,Sophie Boulanger
1870,Maude Blouin-Brochu
1871,Laurie Pelletier
1872,Gladys Hakizimana
1873,Chiso Ufondu
1874,Carissa Tapia
1875,Geraldine Cabillo-Abante
1876,Stephanie Guinois-Cote
1877,Fredericke Laflamme
1878,Audreanne Jean
1879,Roxanne Douaire
1880,Alexandra Madzarevic
1881,Carmen Djossou
1882,Anne-Florence Bastien
1883,Yves-Carlette Leger
1884,Jordan Milos
1885,Mackenzie Robinson
1886,Karly Fracalanza
1887,Marlee Ball
1888,Allie Columbus
1889,Nikita Chappell
1890,Baelie Campbell
1891,Chrissy Sirignano
1892,Adonaelle Mousambote
1893,Karly Ruetz
1894,Kristina Maione
1895,Alexandra Trivieri
1896,Cynthia Dupont-Letourneau
1897,Alicia Racine
1898,Ashley Wheeler
1899,Sarah Holmes
1900,Ivana Vujadinovic
1901,Julia Kokonis
1902,Abbey Clark
1903,Kate MacTavish
1904,Rachel Webber
1905,Maggie Murphy
1906,Lindsay Edward
1907,Shannon McKitrick
1908,Andrea Zulich
1909,Darby Heenan-va Horn
1910,Charlotte Case
1911,Emily Fisher
1912,Olivia Hazlett
1913,Hannah McGurk
1914,Irena Rynkiewicz
1915,Alanna Martin
1916,Cori Marshall
1917,Evie Streight
1918,Ally Schweitzer
1919,Shaelyn Poulin
1920,Heidi Smith
1921,Rachel Jaworowicz
1922,Jamie Soffer
1923,Samantha Rota
1924,Alexe Galipeau-Wilson
1925,Devanee Dewey
1926,Samantha Kordez
1927,Michaela Branker
1928,Taylo Rae Cote
1929,Emilie Lamarche
1930,Jacynthe Gratton
1931,Ariane Lefebvre
1932,Brooklynn McAlear
1933,Anne Carr
1934,Aliisa Heiskanen
1935,Megan Saftich
1936,Katharina Holt
1937,Zoe Cotton
1938,Myriam Fontaine
1939,Keyira Parkes
1940,Rahshida Atkinson
1941,Mahal D L Durantaye
1942,Sophie Cation
1943,Diedre Edwards
1944,Yanique Smith
1945,Maddy Baker
1946,Sarah Bennett
1947,Jay Gaunt
1948,Emily Piccini
1949,Carly Evans
1950,Charlotte Collyer
1951,Caitlin MacLeod
1952,Nicole Schlick
1953,Ella Mahler
1954,Julia Curran
1955,Laura Graham
1956,Sonja Mijatovic
1957,Cassidy Crowe
1958,Mandy Consentino
1959,Tyra Blizzard
1960,Alyssa Cerino
1961,Jahnae Gyles
1962,Chout Angou
1963,Kashwanna Sampson
1964,Kaylee Anagnostopoulos
1965,Orian Amsalem
1966,Jaylin VandeBovenkamp
1967,Chidera Ifearulundu
1968,Katrina Collins-Samuels
1969,Sandra Nagowska
1970,Sijia Liu
1971,Jennah Rampersaud
1972,Anastasia Lovatsis
1973,Briana Carlyon
1974,Vanessa Wild
1975,Brooklyn Legault
1976,Mackenzie Cook
1977,Marinya Marcichiw
1978,Logan Biccum
1979,Keisha Cox
1980,Desirae Peiffer
1981,Olivia Berry
1982,Freya Szmidt
1983,Erin McIntosh
1984,Jenna Spruyt
1985,Laura Costello
1986,Gillian Griffin
1987,Lydia Strong
1988,Katie Keith
1989,Teesha Olson
1990,Malayah Bruno
1991,Danielle Fritzke
1992,Jessica Holod
1993,Lily Moradel
1994,Leah Piekema
1995,Tajzha Doman
1996,Ciara Bamford
1997,Haley England
1998,Karolina Wieczorek
1999,Alyssa Bridgeman
2000,Brielle Wise
2001,KeriLynn MacLennan
2002,Nicole Konieczny
2003,Tianna Mighty
2004,Cara Neufeld
2005,Alyssa Lucier
2006,Addison Martin
2007,Tiara Licsi
2008,Michelle Tiffany
2009,Michaela Kleisinger
2010,Avery Pearce
2011,Jayda Watson
2012,Tefa Vilela
2013,Alexi Rowden
2014,Sabine Dukate
2015,Sascha Lichtenwald
2016,Megan Ahlstrom
2017,Kassidy Konkin
2018,Janaya Brown
2019,Leilani Carney
2020,Chelsea Hoey
2021,Madeline Neumann
2022,Alicia Unruh
2023,Mariah Perry
2024,Ashleigh Barnes
2025,Simran Grewal
2026,Breanna Cabuco
2027,Shilpa Khanna
2028,Krysten Lindquist
2029,Kiana Lalonde
2030,Jessica Hanson
2031,Chelsea Hamming
2032,Chloe Kennedy
2033,Emma Johnson
2034,Jordan Korol
2035,Hannah Friesen
2036,Natajia McMillan
2037,Kate Head
2038,Danielle Vanbergen
2039,Taylor Claggett
2040,Katie Brink
2041,Amelia Worrell
2042,Shayna Cameron
2043,Isabelle Bourque
2044,Emily Holmes
2045,Maria Mongomo
2046,Natasha Layton
2047,Andrea Psotka
2048,Brittani Yee
2049,Morgan Roskelley
2050,Avery Snider
2051,Marissa Dheensaw
2052,Katie Langdon
2053,Renetha Burton
2054,Lena Wenke
2055,Faith Hezekiah
2056,Kaelei Knutson
2057,Haley McDonald
2058,Emily Macleod
2059,Marika Vande elzen
2060,Toni Bianchini
2061,Timea Peter
2062,Kristin Schilz
2063,Mariona Calv Aubareda
2064,Karina May
2065,Ashley Jackson
2066,Robertha Charles
2067,Michele Tchiakoua
2068,Claire Hickman
2069,Charlotte Thompson
2070,Shealyn Brown
2071,Ashley Collins
2072,Graciela Diaz-Brito
2073,Breena Power
2074,Sammi Deakin-Sharpe
2075,Jasmine Cain
2076,Alexis Sparks
2077,Jessica Daniel
2078,Aliesja MacDonald
2079,Kendra MacKinnon
2080,Caroline Hrabinski
2081,Lexy Parkin
2082,Maggie Segeren
2083,Jessica Miller
2084,Sammie Amoh
2085,Katie MacIntosh
2086,Allison Reno
2087,Leah Fahey
2088,Julia Gomez-Bas
2089,Mikaela Dodig
2090,Krystal Osburn
2091,Gillian Cumby
2092,Jenn Mae Ellsworth
2093,Lauren Shallow
2094,Leah Robinson
2095,Tamara Timm
2096,Karla Yepez
2097,Carolina De Santo
2098,Sydney Goode
2099,Kimeshia Henry
2100,Edith Noblecilla
2101,Metchline Gabelus
2102,Eliane Potvin
2103,Eva Kuhar
2104,Tania Garcia
2105,Maeva Dinalle
2106,Elizabeth Khosravi
2107,Caroline Task
2108,Marvia Dean
2109,Ashley Moss
2110,Jazlin Barker
2111,Ladonna Lamonth
2112,Koralie Melancon
2113,Laurie Marchand
2114,Gabrielle R.-Marcoux
2115,Mathilde Geisser
2116,Oulematou Sy
2117,Frederique Potvin
2118,Stephanie Mondou
2119,Sarah Naderpour
2120,Ruth Tshikudi-Tshila
2121,Kim Lysius-Cote
2122,Andreanne Jean
2123,Eve Labissiere
2124,Manon Coquelin
2125,Annabelle Baku
2126,Alexe Dufresne
2127,Marie-Eve Mercier
2128,Clara Blachier
2129,Veronique Boivin
2130,Stephanie Labbe
2131,Karina Cole
2132,Carriera Lamoureux
2133,Jamerka Martin
2134,Rebecca Wylie
2135,Ana Sofia\tRua
2136,Shannon Northey
2137,Alex Symonds
2138,Christine Sirignano
2139,Jenjen Abella
2140,Jaclyn Ronson
2141,Cynthia Dupont
2142,Karyne Jolicoeur
2143,Hanna Pryce
2144,Allyson Peek
2145,Nyasha Mombeshora
2146,Modupe Okeowo
2147,Nikki Ylagan
2148,Lily Gruber-Schulz
2149,Za'Keea Sa'edd-El
2150,Daron Mainville
2151,Kielly McDonough
2152,Kayla Deschatelets
2153,Danielle Reid
2154,Kennedi Cashmore
2155,Lara Pomerleau-Fontaine
2156,Nicole Conlin
2157,Akashia Moor Samuels
2158,Tayania Siwek-Smith
2159,Brianna Iannazzo
2160,Alex Spadaro
2161,Jessie Vasseur
2162,Jill Condron
2163,Rachel Woodburn
2164,Brielle Loebach
2165,Emily Pearson
2166,Julia Hanaka
2167,Olivia Wilson
2168,Kendra Dennis
2169,Thaliyah Phillips
2170,Nakissa Koomalsingh
2171,Sarah Layefsky
2172,Brooklynn McAlear-Fanus
2173,Amélie Hachey
2174,Tessa Boyd
2175,Sophia Blair-Marshal
2176,Geneviéve Guay
2177,Emma Ritcey
2178,Adriana Conti
2179,Veronika Lavergne
2180,Bridget Mulholland
2181,Danielle Voit
2182,Nada Radonjic
2183,Charlotte Craig
2184,Claire Mitchell
2185,Sydney Wilson
2186,Afifa Salad
2187,Aphia Ward
2188,Breanna Hudspeth
2189,Sofie Persson
2190,Jade Codinera
2191,Sarah Gellately
2192,Megan Goar
2193,Sonia Mijatovic
2194,Sarah Coulthard
2195,Kayah Clarke
2196,Bridget Sharpe
2197,Olivia Starling
2198,Jahane Gyles
2199,Mildred Okoko
2200,Chuot Angou
2201,Arianna Milani
2202,Logan Sims
2203,Summer Sakaluk
2204,Khara Keane
2205,Megan MacLeod
2206,Abby Edmison
2207,Cameo Hanlon
2208,Shay Crisp
2209,Emma Kary
2210,Lauren Earl
2211,Kylie Weckend
2212,Adrianna Proulx
2213,Michal Assaf
2214,Katie Upham
2215,Bobb Jo Colburn
2216,Brie Wilcox
2217,Reyna Crawford
2218,Maria Massue Puig
2219,Alyssa Hoveling
2220,Isabel Rattai
2221,Kathryn Hankins
2222,Jessica Bachynski
2223,Mylanda Miller
2224,Anna Houtman
2225,Areena Lewis
2226,Kyre Thompson
2227,Ellie McCarthy
2228,Kristen Monfort-Palomino
2229,Amber Easthope
2230,Carly McHarg
2231,Kathryn Sutherland
2232,Madison Terbasket-Winser
2233,Alexandra Lauber
2234,Taylor Randall
2235,Keziah Brothers
2236,Shanelle Haliuk
2237,Lana Mackic
2238,Kyla Balfour
2239,Brittanie Parisien
2240,Maria Blanc Belver
2241,Keara McCallum
2242,Marnie Garner
2243,Marina Kehrig
2244,Erin Kehrig
2245,Abbey Gillette
2246,Kyia Giles
2247,Kaitlyn Tonita
2248,Kyanna Giles
2249,Angela Bongomin
2250,Erin Taylor
2251,Libby Epoch
2252,Christy Fehr
2253,Brianna Fehr
2254,Summer Masikewich
2255,Kelsey Lalor
2256,Amanda Purssell
2257,Danya Lincoln
2258,Audrey Rankin
2259,Riley Oien
2260,Juliet King
2261,Julia Marshall
2262,Grace Guderyan
2263,Teanna Bradshaw
2264,Marcie Schlick
2265,Samantha Baumgartner
2266,Ali Norris
2267,Keylyn Filewich
2268,Gabrielle Laguerta
2269,Maddison Penn
2270,Emma Jonas
2271,Nicole Hart
2272,Jordyn Cullum
2273,Jessica Zawada
2274,Victoria Jacobse
2275,Jessica Cameron
2276,Katherine Holden
2277,Veronica Kobes
2278,Amanda Thompson
2279,Alina Shakirova
2280,Issy Bourque
2281,Madison Landry
2282,Kassidy Dick
2283,Preety Nijjar
2284,Calli McMillan
2285,Aiden Kilcommons
2286,Aleah Ashlee
2287,Krysten Mullen
2288,Jasmine DeVries
2289,Claire DeMug
2290,Katie Hasting Van
2291,Augusta Kievisaite
2292,Paige Hasting Van
2293,Miranda Crawley
2294,Rachel Clouatre-Trudeau
2295,Taylor Tolliver
2296,Claire Ayotte
2297,Sarsha Cadle
2298,Kaisen MacKinnon
2299,Ava Prosser
2300,Sarah Hiscock
2301,MacKenzee Ryan
2302,Alexus King
2303,Ariel Provo
2304,Chelsea Slawter-Wright
2305,Katelyn Scott
2306,Meghan Greenland
2307,Cameron Longley
2308,Jada Yeo
2309,Tania Tesson
2310,Claudia Fulton
2311,Kimberly Kingsbury
2312,Alexandra MacLean
2313,Bailey Black
2314,Nicole Esson
2315,Olivia Penney
2316,Lauren Fleming
2317,Reese Baxendale
2318,Annabelle Charron
2319,Layla Mahoubi
2320,Jessica Dodig
2321,Sara Bazinet
2322,Marie-Evrardine Berrouette
2323,Eve-Marie Houle
2324,Sabrina Stambouli
2325,Sabrina Lineus
2326,Aurelie D'Anjou
2327,Kim Lehoux
2328,Coralie Dumont
2329,Jessica Joly
2330,Ornella Zaatar
2331,Marvadene Anderson
2332,Carrie-Ann Auger
2333,Frederique Beauchamp
2334,Kim Letang
2335,Djamila A triquet
2336,Lea Dominique
2337,Kiana Scantlebury
2338,Maggy Chabot
2339,Van Sry
2340,Charlotte Clayton
2341,Darnelle Noel
2342,Kamsi Ogbudibe
2343,Raphaelle Roy-Ash
2344,Stephanie Robichaud
2345,Audrey Methot
2346,Inga Aleksaite
2347,veronique Boivin
2348,Jacqueline Reine
2349,Madison Cameron
2350,Cassandra Cushnie
2351,Farah Alfar
2352,Darryn Lindquist
2353,Sawyer Fischer
2354,Kendra Cole
2355,Ginny Cape
2356,Brooke Murdoch
2357,Ana Caldeir rua
2358,Miranda Smith
2359,Lauren Zonneveld
2360,Ieva Sukeviciute
2361,Kristin Gallant
2362,Stephanie Findlay
2363,Courtney Mcpherson
2364,Madison Reid
2365,Emma Kiesekamp
2366,Jacey Aikens
2367,Hannah Pryce
2368,Alexis Pulford-Thorpe
2369,Skyla Minaker
2370,Marija Bakoc
2371,Burke Bechard
2372,Sam Read
2373,Tiffany Reynolds
2374,Charlotte Clifford
2375,Tianna Warwick-Dawkins
2376,Leashja Grant
2377,JosÃƒƒƒƒÃƒƒ‚Ãƒ‚Ã‚Â©e Tremblay
2378,Kendel Dunn
2379,Madison Cooper
2380,Bailey Tabin
2381,Sydney Graper
2382,Maya Day
2383,Celina Elliott
2384,Skye Johns
2385,Sarah Gates
2386,Mia Spadafora
2387,Melody Wyslobicky
2388,Clare Sharkey
2389,Alex Verboom
2390,Kylea Galipeau-Wilson
2391,Natalie Martinez
2392,Maria Walsh
2393,Megan Elliot
2394,Ali Czich
2395,Nicole Kordez
2396,Maria Rodrigues
2397,Kaila Granholm
2398,Meeko Thomas
2399,Maia Timmons
2400,Sophia Bair-Marshall
2401,Natalie Liguori
2402,Adonaelle Mousamboté
2403,Angela Ribarich
2404,Brigitte Lefebvre-Okankwu
2405,Natalie DiMaio
2406,Julia DiMaio
2407,Michelle Istead
2408,Sophie d Goede
2409,Elise Holt
2410,Corinne Smith
2411,Christine Jurcau
2412,Sara Knowles
2413,Josipa Curic
2414,Kirsten MacLeod
2415,Beth Fleming
2416,Celeste Harrison
2417,Meghan Sharp
2418,Ann Stewart
2419,Victoria Mauricio
2420,Krissia Vasquez
2421,Shekinah Kienansatuko
2422,Jill Kettlewell
2423,Claire Li
2424,Skye Barbato
2425,Deborah Kamba
2426,Nyamuoch Teny
2427,Eve Uwayesu
2428,Renee Goodman
2429,Jordan Gutt
2430,Erin Kenny
2431,Olivia Osamusali
2432,Victoria Ivey
2433,Jenneke Pilling
2434,Samantha Gucciardi
2435,Cyanna King
2436,Madison Bardoel
2437,Megan Stewart
2438,Alysha Pinck
2439,Kiley Langille
2440,Madeline Weber
2441,Lauren Golding
2442,Veronica Townsley
2443,Jenna Harpe
2444,Morgan Mudge
2445,Makenna Ledgister
2446,Gabrielle Jubinville
2447,Jessica Hartog
2448,Jada Benoit
2449,Hailey Maas
2450,Chelsea Misskey
2451,Courtney Donaldson
2452,Bobbi-Jo Colburn
2453,Liene Stalidzane
2454,Laura Grabe
2455,Michaela Nieuwenhuizen
2456,Kacie Bosch
2457,Millay Johnson
2458,Sandria Bolden
2459,Amy Mazutinec
2460,Ashley Bodie
2461,Jessica Zarowny
2462,Darian Mahmi
2463,Hannah Gibb
2464,Mady Chamberlin
2465,Mackenzie Farmer
2466,Monika Curtis
2467,Shannon Majeau
2468,Hallie Watt
2469,Alexis Kenyeres
2470,Dana Inglis
2471,Deidre Bartlett
2472,Jordan Blaskin
2473,Rachel Osczevski
2474,Gala Mestres
2475,Charity Marlatt
2476,Sydney Tabin
2477,Lauryn Prokop
2478,Carolina Goncalves
2479,Faith Reid
2480,Bilge Topaloglu
2481,Katriana Philipenko
2482,Kyla Shand
2483,Makayla Hoey
2484,Megan Rouault
2485,Chelsey Hoey
2486,Alley Corrado
2487,Jordon Haggerty
2488,Team Team
2489,Simrit Bindra
2490,Jenna Va Delft
2491,Jessa Needham
2492,Tessa Needham
2493,Kianna Wiens
2494,Lucy Golubic
2495,Ose Obetoh
2496,Kaitlyn Domingues
2497,Isabelle Khalifa
2498,Dayna Pearce
2499,Dina Strujic
2500,Madison Legault
2501,Claire Feasby
2502,Kate Johnson
2503,Brianna Falk
2504,Lindsey Bott
2505,Anastasia Evans
2506,Sadie Beers
2507,Alexis Worrell
2508,Katelyn Mallette
2509,Kyla Giesbrecht
2510,Devon Wood
2511,Alexis Magrath
2512,Hannah Walline
2513,Amelia Ack
2514,Haily Weaver
2515,Ashlyn Day
2516,Ellen Ougrinov
2517,Lyndzie Caron
2518,Kennedy Cuspard
2519,Ella Johnson
2520,Xenia Knoop
2521,Kayla Krug
2522,Chelsea Espenberg
2523,Shayna Ilnisky
2524,Robyn Boulanger
2525,Paige Davies
2526,Jessica Dyck
2527,Tania Wallack
2528,Alexia Smith
2529,Lanae Adams
2530,Jayda Veinot
2531,Meghan MacLeod
2532,Katie McAffee
2533,Addie Mailhot
2534,Monique Calliste
2535,Mackenzee Ryan
2536,Keanna Samuels
2537,Maia Watling
2538,Rihanna MacDonald
2539,Hannah Chadwick
2540,Emily Holt
2541,Bridget McSwiggan
2542,Riley Sood
2543,Lia Kentzler
2544,Emma Power
2545,Alana Short
2546,Grace Bennett
2547,Gabrielle Roche
2548,Kathleen Hyland
2549,Sarah Forgie
2550,Safiya Hurst
2551,Aiyanna Empringham
2552,Alaina McMillan
2553,Arianna Macias
2554,Estelle Eduardo
2555,Griffin Lack-Shane
2556,Brianna Gottschall
2557,Nalini Maharaj
2558,Lucia MacKay
2559,Emma Norris
2560,Shania Graham
2561,Marley Curwin
2562,Ja'Yon Leak
2563,Katie Daley
2564,Julia Summers
2565,Sydney Teece
2566,Mikitshi Basambombo
2567,Hayley Tait
2568,Jessie Weaver
2569,Madeline Orlando
2570,Amaiquen Siciliano
2571,Lauren Macphee
2572,Jayne-Laure Dumerjean
2573,Sarah Peirson
2574,Tamara Pinto
2575,Marika Couturier
2576,Marie Berrouette
2577,Nelly Owusu
2578,Bouchra Kanso
2579,Ariel White
2580,Areej Burgonio
2581,Lodanna Lamonth
2582,Natalie Ra Jeanson
2583,Myriam Leclerc
2584,Gretta-Olivia Ineza
2585,Charlie Guillemette
2586,Khaleann C.-Goudreau
2587,Josiane Prince
2588,Houlfat Mahouchiza
2589,Trishia Villedrouin
2590,Erika Rossi
2591,Delphine Robitaille
2592,Nell Hoogeveen
2593,Shayann Laguerre
2594,Sirah Diarra
2595,Natacha Bw bwa
2596,Judith Lavoie
2597,Fredlaine Verrier
2598,Melodie Juste
2599,Catherine Destin
2600,Keyra Gallo
2601,Victoria Colp
2602,Dionne Martin
2603,Kayla Gallo
2604,Thais Matte
2605,Aimee Garland
2606,Lauren Dempsey
2607,Ana Caldeir Rua
2608,Elise Euale
2609,Maddy Gojmerac
2610,Eden Ferraro
2611,Meagan Charbonneau
2612,Sofia Croce
2613,Miia Sorra
2614,Navneet Sandu
2615,Emma Huff
2616,Mallory Katz
2617,Ivana Subasic
2618,Sydney Fearon
2619,Deanna Hinds
2620,Maripier Kingsley
2621,Ariana Pirovic
2622,Natalie Vigna
2623,Tatjana Boskovic
2624,Sofia Lluch
2625,Mariah MacFarlane
2626,Niki Vrcic
2627,Nicole Pocion
2628,Talia Peters
2629,Claire Wiersema
2630,Julia Dunbar
2631,Maria L Rosa
2632,Marilyne Rioux
2633,Zoe Hutchins
2634,Brooklyn Johnson
2635,Hunter Johns
2636,Dana Perovic
2637,Arianne Soriano
2638,Christina Buttenham
2639,Koko Tsuzuki
2640,Kristie Nowocin
2641,Angeline Campbell
2642,Vanessa Willis
2643,Mary Besselink
2644,Alana Renon
2645,Hannah Temple
2646,Melina D Iulio
2647,Madison Hogg
2648,Claire Litchfield
2649,Emma Weltz
2650,Laura Donovan
2651,Natalie Froese
2652,Abbey Hetherington
2653,Fiorella Granda
2654,Ariana Sider
2655,Hayley Neault
2656,Lauren Boers
2657,Naqia Najafi
2658,Jessica Muha
2659,Kaitlyn Overeem
2660,Vanessa Hughes
2661,Mackenzie Obermayer
2662,Erin VanHuuksloot
2663,Beth Howlett
2664,Claire LaMarre
2665,Val Rincon
2666,Kristen Gore
2667,Abbey Sayles
2668,Lauren Cross
2669,Melanie Cloutier
2670,Jessica Angelini
2671,Katie Bastedo
2672,Brett Fischer
2673,Jenna Lawrence
2674,Nelli Larjava
2675,Debora Kamba
2676,Yasmeen Smith
2677,Angel Muir
2678,Madelaine Adams
2679,Avery Bathe-Minard
2680,Neve Murray
2681,Shae McCusker
2682,Abby Morrison
2683,Laney Harder
2684,Kendal Russell
2685,Josie Degagne
2686,Kiki Knox
2687,Brittany Janzen
2688,Taylor Featherstone
2689,Azalya Forstbauer
2690,Autumn Agar
2691,Logan Moncks
2692,Asnate Fomina
2693,Sydney Andres
2694,Rachel Hare
2695,Anna Mbuyi
2696,Hayley Lalor
2697,Madison McTighe
2698,Jenna Sullivan
2699,Brooke Evason
2700,Emerson Martin
2701,Sarah Rinsky
2702,Maitlynn Miller
2703,Kennedy Horn
2704,Faye Graff
2705,Alesha Stanley
2706,Cameron Engen
2707,Maddison Hooper
2708,Gabby Kukura
2709,Macaela Crone
2710,Madeleine Tell
2711,Carly Ahlstrom
2712,Ashley d Sous Martins
2713,Emily Ferguson
2714,Emma Lizee
2715,Jenae John
2716,Lauren Walkley
2717,Courtney Sampson
2718,Brooklyn Golt
2719,Nicole Fransson
2720,Jaya Bannerman
2721,Jolene Vlieg
2722,Nicola Peters
2723,Tanis Metcalfe
2724,Hailey Counsell
2725,Jess Hanson
2726,Martina Mason
2727,Braxtyn Horbay
2728,Katie Punia
2729,Josi Debruyn
2730,Ana Evans
2731,Amanda Pearson
2732,Mackenzie Horst
2733,Abby Zawada
2734,Madison Draayers
2735,Natalie Rathler
2736,Elissa Vreugdenhil
2737,Madeline Beerwald
2738,Cevanna Carlson
2739,Lucy Guan
2740,Julia Gallant
2741,Sierra Gallego
2742,Roza Kalashnikoff
2743,Farrah Castillo
2744,Rayna Anderson
2745,Mikayla Funk
2746,Jillian Duncan
2747,Deborah Nkiasi
2748,Vanessa Millions
2749,Abbie Fox
2750,Hannah Fuller
2751,Eva Widmeyer
2752,Olivia Moller
2753,Mia Roberts
2754,Elizabeth Beals-Iseyemi
2755,Deidre Harris
2756,Julia Sylvester
2757,Sydney Guker-Wickie
2758,Helene Kystad
2759,Abby Linehan
2760,Hailey MacLeod
2761,Talia Boutilier
2762,Emily Braun
2763,Morgan Gause
2764,Emily Kelly
2765,Chloe Wilson
2766,Carly Stevenson
2767,Erin Long
2768,Ines Sala Margarit
2769,Hannah Green
2770,Katelyn Power
2771,Clara Gascoigne
2772,Torrie Janes
2773,Lucina Beaumont
2774,Marlo Steenbakkers
2775,Briar MacDonald
2776,Aliyah Fraser
2777,Courtney Taylor
2778,Marley Bonnick
2779,Grace Rheault
2780,Karina Sarai
2781,Jaiden Penney
2782,Sara Fudge
2783,Jolianne Guay
2784,Ashleigh Marshall
2785,Madison Orser
2786,Lexi MacInnis
2787,Reilly Sullivan
2788,Lauren Harris
2789,Sydney Whitlock
2790,Lauren Rainford
2791,Jennifer Louis
2792,Maria Cordoba
2793,Sabrina Kone
2794,Deborah Aboagye
2795,Jael Kabunda
2796,Katerina Stoupas
2797,MaĂƒ Courla
2798,Areej Burogonio
2799,Cassandra Lehuquet
2800,Serena Tchida
2801,Nikita Telesford
2802,Shanice Neita
2803,Rhianna Laing
2804,Gretta Ineza
2805,Djamila A Triquet
2806,Zahra Wajih
2807,Leslie Makosso
2808,Amelie Rochon
2809,Nadege Pluviose
2810,Maddy Colpitts
2811,GG Cabillo-Abante
2812,Jessica Salanon
2813,Charlotte Sarazin
2814,Natacha Bwabwa
2815,Roxane Douaire
2816,Sandrine Simard
2817,Esther Mubiala
2818,Inga Aleksaiete
2819,Joy-celine Bermillo
2820,Veronique boivin
2821,Maissa E asri
2822,Kerya Gallo
2823,Ayaka Nakashima
2824,Kaitlyn McLaughlin
2825,Mercedes Ryan
2826,Chloe Martynuck
2827,Destiny Paquin
2828,Samantha Keltos
2829,Mary Ivison
2830,Taylor Cumming
2831,Kyanna Thompson
2832,Nicole Venhuizen
2833,Kennedy Chisholm
2834,Kali Pocrnic
2835,Bryn Reynolds
2836,Tatyanna Burke
2837,Dorcas Buisa
2838,Navneet Sandhu
2839,Jade Lyons
2840,MacKeely Shantz
2841,Sydney Vanderhoef
2842,Marielle Kleuskens
2843,Reece Mungar
2844,Kate McPhail
2845,Andie Maylen
2846,Hana Whalen
2847,Kaylah Lewis
2848,Megan Looney
2849,Helena Lamoureux
2850,Sidney Crawford
2851,Gabby Schaffner
2852,Arielle Douillette
2853,Rileigh Smith
2854,Alliasen Miscione
2855,Alexa Sawchuk
2856,Tianna Tartaglia
2857,Murielle Mpiana
2858,Kate Moran
2859,Kokoro Tsuzuki
2860,Alessandra Chiarot
2861,Jenna Button
2862,Pietra Kamstra
2863,Ava George
2864,Tori Rigas-DiDomenico
2865,Jaden Gilbert
2866,Brianna Dodd
2867,Kate Dahmer
2868,Nicole Budd
2869,Katie Whelan
2870,Finnley McElwain
2871,Celeste Dupuis
2872,Devisha Binns
2873,Megan McCarter
2874,Sara Esongol Biango
2875,Alyssa Carin
2876,Christine Yogaretnam
2877,Aprille Whyne
2878,Bilan Khadar
2879,Alexanne L'Heureux
2880,Jolesha Allen-Brown
2881,Dalyssa Fleurgin
2882,Rhiannon Kissel
2883,Hadeza Ismaila
2884,Katherine Onunkwo
2885,Vanessa Budimunda
2886,Natsuki Szczokin
2887,Amanda Gaetano
2888,Savannah Provo
2889,Katherine Follis
2890,Isabella Belvedere
2891,Julia Chadwick
2892,Jasmine Lambert
2893,Sara Cumby
2894,Mikhaela Ekwandja
2895,Megan Edwards
2896,Kishana Smith
2897,Aja Quran
2898,Nakeisha Ekwandja
2899,Azaliah Colquhoun
2900,Sonja Matthews
2901,Viktoria Cubelic
2902,Maddy Adams
2903,Ariane Saumure
2904,Laurin Moro
2905,Rachel Fradgley
2906,Schekinah Kienansatuko
2907,Morgan Tamminga
2908,Nyamouch Teny
2909,Sofia Kennedy
2910,Harriet Carey
2911,Maggie Denys
2912,Jada Codrington
2913,Alexa Stucke
2914,Sydney Fedick
2915,Julia Strigl
2916,Claire Signatovich
2917,Piper Ingalls
2918,Sydney Latrace
2919,Josie Grift
2920,Eden Tabin
2921,Kelsey Starchuck
2922,Mya Proctor
2923,Sandy Saunders
2924,Clara Tapi Palacio
2925,Jessica Haenni
2926,Amy Bianchini
2927,Savannah McKee
2928,Kansas Long
2929,Lauren Sinclair
2930,Alexa Pobitzer
2931,Becca Curtis
2932,Sofia DiGiacomo
2933,Noelle Kilbreath
2934,Kariya Bruise Head
2935,Kendall Parker
2936,Lauren Bartlett
2937,Lauryn Manaigre
2938,Emily Johnson
2939,Jamie Lalor
2940,Ella Stanley
2941,Maria Blanco
2942,Jenika Martens
2943,Ella Farthing
2944,Emily Dewey
2945,Zoe Hartmann
2946,Emma Engen
2947,Claudia Lomb Viana
2948,Andrea Dodig
2949,Sydney Schmidt
2950,Jordin Wilkinson
2951,Jordan Robb
2952,Kelsey Cruz
2953,Amira Jensen
2954,Jayden Gill
2955,Lana Shypit
2956,Rolande Taylor
2957,Kailey Reimer
2958,Olivia Morgan-Cherchas
2959,Emily Martindale
2960,Kasey Patchell
2961,Alessia Brutto
2962,Mira Witt
2963,Lucy Faba
2964,Jaeli Ibbetson
2965,Tessa Burton
2966,Kelsey Falk
2967,Emily Instant
2968,Nikki Cabuco
2969,Lauryn Walker
2970,Maddy Gobeil
2971,Jessica Parker
2972,Deanna Tuchscherer
2973,Anastasia Soltes
2974,Rebecca Landry
2975,Emma vanBruinessen
2976,Tana Pankratz
2977,Brooklyn White
2978,Karsen Look
2979,Peyton Connolly
2980,Anna Kernaghan
2981,Kyana Wonnacott
2982,Srishti Suren
2983,Megan Herbert
2984,AmÃƒ Bouchard
2985,Ryan George
2986,Tegan Reynolds
2987,Sophie Atkinson
2988,Sarah Delorey
2989,Leandra Hersey
2990,Chermensa Va l par
2991,Rihanna Macdonald
2992,Hannah Smith
2993,Hailey Macleod
2994,Kiyara Letlow
2995,Catherine Lallemant-
2996,Eirin Vrei Holm
2997,Emma Ward
2998,Katie Crombeen
2999,Anjuli Gosal
3000,Anna Parsons
3001,Madeleine Maillet
3002,Andrea Hebert
3003,Katie Wuotila
3004,Maya Sinclair
3005,Brinly Holt
3006,Ashley Davis
3007,Rebecka Ekst
3008,Alyssa Jenkins
3009,Laura Murray
3010,InÃƒ Sala Margarit
3011,Caroline Jardine
3012,Sarah-Kim CÃƒƒ
3013,Mackenzi Chapman
3014,Aluel Achiek
3015,Sarah Burnell
3016,Jade Curwin
3017,Georgia Williams
3018,Isabella MacKay
3019,Aki Kobayashi
3020,Jada Mofford
3021,Rheannon Richards
3022,Emily Rheault
3023,Sarah Mowat
3024,Jaya D'Souza
3025,Elizabeth Kennedy
3026,Melina Collins
3027,Luiza Mendes
3028,Tyra Atherley
3029,Abby Gyori
3030,Kira Atherley
3031,Tahmala Thorpe
3032,Avery Walker
3033,Kylee Speedy
3034,Alex Mann
3035,Erin Ingalls
3036,McKinley Bezanson
3037,Qadira Hamilton
3038,Katie Butts
3039,Jennifer Nkuah
3040,Deedee Kean
3041,Sydney Cummins
3042,Grace Lancaster
3043,Alicia Bowering
3044,Rielly Sullivan
3045,Devon Lawlor
3046,Julia Foster
3047,Elise Plaschka
3048,Magalie Gonthier
3049,Shanie Giguere
3050,Victoria Gauna
3051,Emily MacNeil
3052,Jasmine Martel
3053,Jessica Vidovic
3054,Sandra Mbekou
3055,Kalina Alexander-Renaud
3056,Cassandra L Huquet
3057,Johannie Lamoureux
3058,Lynn Daccache
3059,Maria Lambropoulos
3060,Frederique Boucher
3061,Frederique B.-Blais
3062,Lea-Sophie Verret
3063,Audrey Beland
3064,Rachel C.-Trudeau
3065,Elodie Lajoie
3066,Sabrine Khelifi
3067,Tara Imbert
3068,Iman Ibrahim
3069,Emma-Jane Scotten
3070,Joy Taan-Tobias
3071,Kristy Awikeh
3072,Ava Renon
3073,Hannah Adderley-Julien
3074,Sydney Foran
3075,Charlotte Guerin
3076,Katie Rathwell
3077,Paul Beline Ibata
3078,Delphine St-Cyr
3079,Mary-Tracy Cilien
3080,Elisa Haberzettel
3081,Chanez Saheb
3082,Fredlyne Verrier
3083,Jasmine Genesse
3084,Qeila Mbonihankuye
3085,Allison Read
3086,Gracie Batongbakual
3087,Bethany Balaktsis
3088,Sage Steadman
3089,Abigail Couture
3090,Kaila Fong
3091,Mercedes Mazzuca
3092,Elizabeth Todd
3093,Stephanie Marin
3094,Kaley Demont
3095,Ilijana Vukovic
3096,Olivia Fiorucci
3097,Ivana Twumasi
3098,Keren Tshinyam Kasonga
3099,Madalyn Weinert
3100,Victoria Lawrence
3101,Alison Addy
3102,Alicia Higgins
3103,Madison Macinnis
3104,Muskaan Waraich
3105,Audrey Ntetan Umba
3106,Teresa Donato
3107,Oceane Kounkou
3108,Emily Capretta
3109,Trudi Vaughn
3110,Gabrielle Francis
3111,Kinly Rice
3112,Majrijke Duralia
3113,Mackenzie Ash-Smith
3114,Kayla Brutus
3115,Alexandra Urban
3116,Sydney VanderHoef
3117,Marielle Klueskens
3118,Julia Colavecchia
3119,Renee Armstrong
3120,Trinity Papamandjaris
3121,Lucy Tesseyman
3122,Maggie McGuire
3123,Alexia Giroux
3124,Paula Lopez
3125,Ally Burke
3126,Emily Pokrant
3127,Eva Guilera
3128,Ashley Mauhay
3129,Monica Jean-Baptiste
3130,Mali Straker
3131,Princess Bernardino
3132,Aneisha Rismond
3133,Emilie Lafond
3134,Amber May
3135,Jasmine Lewis
3136,Megan Axiak
3137,Emmanuelle Felix
3138,Cassidy Hirtle
3139,Maddy White
3140,Adele Culverwell
3141,Janet Enge
3142,Katrina Brady
3143,Victoria Beara
3144,Miranda Campbell
3145,Laeticia Fosso
3146,Dylann Mazzuchin
3147,Khailan O'Connor
3148,Jennah Taylor
3149,Delaney Bourget
3150,Tori Rigas-Didomenico
3151,Amy Stinson
3152,Alissa Smith
3153,Deanna Mataseje
3154,Daully Patterson
3155,Jordan Denkers
3156,Caprice Townes
3157,Cassandra Joli-Coeur
3158,Katelyn Decook
3159,Sophie Milner
3160,Victoria Tees
3161,Kennedy Joyce
3162,Nadia Ismaila
3163,Maryse Miaro
3164,Lindsay Cleophat
3165,Kamelya Brodeur
3166,Harriette Mackenzie
3167,Nadine Katumbayi
3168,Oksana Gouchie-Provencher
3169,Olive Ude
3170,Julianne Soriano
3171,Naziah Charles
3172,Renee Paquette
3173,Emily Payne
3174,Wendy Mboukep
3175,Madelaine Davis
3176,Alissa Provo
3177,Cassiel Penalosa
3178,Lireesa Gokhool-Jefferson
3179,Isabella Gaudet
3180,Mikayla McFarlane
3181,Willo Thomas
3182,Rachel Neumann
3183,Jada Poon-TIp
3184,Kaylee Williams
3185,Carly Magarelli
3186,Faith Joseph
3187,Teah Stupar
3188,Thuraya Abdu Hamid
3189,Teah Best
3190,Sabrina Nero
3191,Nicole Chateau
3192,Alex Jaglall
3193,Gabby Reed
3194,Janella Viado
3195,Jaime Newell
3196,Charissa Virr
3197,Frankie Bowles
3198,Summer Pahl
3199,Karen Hasebenebi
3200,Avarie Thomas
3201,Samantha Cowan
3202,Katie Cossarini
3203,Micah Tamminga
3204,Ashley Truesdale
3205,Jordynn Bryan
3206,Sarah Harvey
3207,Madalyn Picton
3208,Abigail Bodden
3209,Isabella Anes
3210,Julia Chiarot
3211,Mya Iriah
3212,Hayley Woods
3213,Grace Koffi
3214,Mariame Dehkissia
3215,Noor Bazzi
3216,Jayden LaRocque
3217,Reine Ndome
3218,Alexa Neal
3219,Reighan Dales
3220,Tianna Bailey
3221,Ashanti Christian
3222,Kirsten McGrath
3223,Emma McCamus
3224,Kiara Leveridge
3225,Jaz Balan
3226,Alexis Grewal
3227,Kennedy Mullings
3228,Jayden Tanner
3229,Nadeen Wu
3230,Rylee Semeniuk
3231,Morgan Harris
3232,Elise Toogood
3233,Dakota Wedman
3234,Jayden White
3235,Jenna Karach
3236,Cali Yates
3237,Reetta Tulkki
3238,Beth Dueck
3239,Sarah Hallett
3240,Andrea Taruc
3241,Noah Garcia
3242,Mackenzie Trpcic
3243,Tiarra Davis
3244,Sydney Milum
3245,Annacy Palmer
3246,Piper Doo
3247,Kennedy Hollinger
3248,Demi Mulder
3249,Lily Pink
3250,Amelie Collin
3251,Pollyanna Storie
3252,Anegor Wol
3253,Kamryn Deklerk
3254,Danielle Nadeau
3255,Kennedy Blaskin
3256,Savannah McMahon
3257,Chloe DeKlerk
3258,Kyra Collier
3259,Kirstina Turner
3260,Makenzie Reeve
3261,Mikah Reed
3262,Erin Howes
3263,Julie Dueck
3264,Samantha Onyebuchi
3265,Mikayla Simon-Tucker
3266,Lovisa Fjellner
3267,Izabella Marquez
3268,Bella Gaulden
3269,Isabella Faba
3270,Marissa Richards
3271,Abbey Wilkinson
3272,Megan Wellinghurst
3273,Nora Luca
3274,Maddy Stata-Luzentales
3275,Alex McLaren
3276,Maggie Smith
3277,Kiara Ker
3278,Eden Wells
3279,Rachel Vanderhooft
3280,Cara Misskey
3281,Naomi Kent
3282,Maddy Seida
3283,Brenna Metz
3284,Jade Belmore
3285,Lauren Hodgins
3286,Julia Vydrova
3287,Skyla Kasick
3288,Marissa Rodde
3289,Maren Tunison
3290,Anna Maelde
3291,Amina Kameric
3292,Tea DeMong
3293,Gage Grassick
3294,Lucia Zilinska
3295,Claudia Lomb viana
3296,Ella Murph wiebe
3297,Courtney Primeau
3298,Oluwatito Akinnusi
3299,Karishma Rai
3300,Jessica Orr
3301,Priyanca Sundher
3302,Danijela Kovacevic
3303,Maggie Fehr
3304,Nya Derkach
3305,Keerat Sidhu
3306,Carley Smigel
3307,Anneke Cairnie
3308,Josie Mackie
3309,Kyla Smith
3310,Elana Sireni
3311,Shemaiah Abatayo
3312,Ava Krepp
3313,Hailey Va Roekel
3314,Tegan McArthur
3315,Jenna Gill
3316,Gracie Corneau
3317,Ella Parker
3318,Sofia Bergman
3319,Katrina Fink
3320,Katie Hartman
3321,Kiara Kozak
3322,Sara Toneguzzi
3323,Olivia Weekes
3324,Ryann Kristmanson
3325,Sophia Kramer
3326,Teigan Manson
3327,Lauren Foullong
3328,Nicole Pajic
3329,Melaina Corrado
3330,Surprise Munie
3331,Kelsey Watts
3332,Aiko Williams
3333,Abby Smith
3334,Tori Kaczynski
3335,Ece Karahan
3336,Krista Carlson
3337,Rachel Hall
3338,Google Sidhu
3339,Charley Arnold
3340,Hannah Gillingham
3341,Julia Tuchscherer
3342,Esther Allison
3343,Sarah Kuklisin
3344,Hanna Busic
3345,Taylor Blais
3346,Laura Garmendi Garcia
3347,Jenna Korolek
3348,Svetlana Boykova
3349,Maggie Mowser
3350,Adaiah Tupas-Singh
3351,Calli Mcmillan
3352,Brooklyn Walbaum
3353,Sierra Reisig
3354,Nicole Torozan
3355,Abigail Becker
3356,Mimi Sigue
3357,Meike Boerstra
3358,Juliette Kladko
3359,Maltha Uwambajimana
3360,Katrina Rogan
3361,Mik Funk
3362,Jessica va Dyck
3363,Alyssa Porco
3364,Priscilla Sanusi
3365,Abby Benson
3366,Megan Hebert
3367,Amélie Bouchard
3368,Bianca Helmig
3369,Elizabeth Iseyemi
3370,Jewel Woolfitt
3371,Taya Dixon
3372,Darah Fleurgin
3373,Kristen Taylor
3374,Rhianna MacDonald
3375,Claudia Pellerin
3376,Pilar Rodrigue Ortiz
3377,Eirin Vrei holm
3378,Lindsay Black
3379,Jasenda Horsman
3380,Abby Carpenter
3381,Sarah Valley
3382,Kelsey Crocker
3383,Gracie Dalton
3384,Mercy Olugu
3385,Malva Gyllenhamma Ekelof
3386,Rebecka Ekstrom
3387,Eavan McLaughlin
3388,Sarah-Kim Cote
3389,Brooke LeDevehat
3390,Sophia Widmeyer
3391,Kristin Holt
3392,Ekaterina Karchevskaya
3393,Laia Torrent
3394,Lauren Neeve
3395,Kristine Cooper
3396,Ann Bastien
3397,Madalynn Kean
3398,Leah Travers
3399,Sydney Lawlor
3400,Samantha Zoffranieri
3401,Lauren Hainstock
3402,Aiden Rainford
3403,Lea Boucher
3404,Grace Tilley
3405,Rowena Blais
3406,Fabiola Lamour
3407,Florence Poirier
3408,Angela Batrla
3409,Stacey Imbert
3410,Mia Ble voua
3411,Laurie Champagne
3412,Erika Nzodoum
3413,Catherine Champagne
3414,Alexia Marois
3415,Fatima Diop
3416,Emmanuelle R Boni
3417,Alexia Thiffault
3418,Astan Wal Diarra
3419,Daniella Mbengo
3420,Stephy Tchoukuiegno
3421,Vanessa Ougrinov
3422,Andrea Batrla
3423,Paul beline Ibata
3424,Hardyna Duverger
3425,Rachel paradis
3426,Yasmine Gasmi
3427,fredlaine Verrier
3428,Mar tracy Cilien
3429,Riya Donnelly
3430,Gracie Batongbakal
3431,Brooke Gruhn
3432,Rhiann  Mae Laing
3433,Alyssa Palermo
3434,Aleksija Vukovic
3435,Kaley DeMont
3436,Chloe Peters
3437,Theresa Brown
3438,Ashantae Gayle
3439,Allison Addy
3440,Courtney Anglin
3441,Madison MacInnis
3442,Mackenzie Va Dyk
3443,Sierra Peck
3444,Zerina Duvnjak
3445,Kyan Jade Poulin
3446,Tamia Laborde-Sutton
3447,Florence Fortin
3448,Jacqueline Urban
3449,Rain Jhaj
3450,Mackeely Shantz
3451,Alexis Wright
3452,Maggie Fitzpatrick
3453,Hannah Bourdon
3454,Christina Stathopoulos
3455,Kirpa Brar
3456,Sara Azzolini
3457,Clarie Wiersema
3458,Skyler Kreger
3459,Sophie Moore
3460,Lauren Robertson-Martin
3461,Raffaella Balestra
3462,Héléna Lamoureux
3463,Audrey-Anne Labreche
3464,Martina Errazo
3465,Isabella Cotton
3466,Kathryn White
3467,Brittyn Graves
3468,Laila Wright
3469,Jade Addai
3470,Jocelyn Newby
3471,Cassie Joli-Coeur
3472,Faith DeVries
3473,Katelyn DeCook
3474,Alexis Remekie
3475,Sherlyne Teso Andres
3476,Kelly Cockfield
3477,Elliot Cowan
3478,Marie Stasiuk
3479,Ivany Rheault-Langue
3480,Fania Taylor
3481,Amy Hagman
3482,Haley Barbieri
3483,Aluel Achik
3484,Ally Smith
3485,Jada Poo Tip
3486,Soraya Jovin
3487,Charlotte Church
3488,Saaya Malhotra
3489,Haley Fedick
3490,Rachel Farwell
3491,Zoe Idahosa
3492,Jayme Foreman
3493,Eleanor Jones
3494,Sarai Bailey
3495,Kaillie Hall
3496,Kait Nichols
3497,Lauryn Meek
3498,Tiya Misir
3499,Jamilah Christian
3500,Jessica Keripe
3501,Ghiselle Poblete
3502,Tamara Popovic
3503,Alyssa Renaud
3504,Nehita Ok Obo
3505,Samantha Vidovic
3506,Mila Urban
3507,Kaelyn Batten
3508,Haley Willits
3509,Kali Grootenbeor
3510,Saleah Joseph
3511,Ruqaya Green
3512,Maya Abouzeid
3513,Kiah Easton-Ihediohanma
3514,Reece Hall
3515,Ra Lee Torino
3516,Katelynn Visser
3517,Cali Hudyma
3518,Faith Clearsky
3519,Myriam Kone
3520,Tatum Wade
3521,Milica Gajic
3522,Jordan Kemper
3523,Lilia Skumatova
3524,Louise Rouse
3525,Elina Siceva
3526,Vlada Hozalova
3527,Viktoriia Kovalevska
3528,Piper Dobbelsteyn
3529,Tobore Okome
3530,Abby Graves
3531,Toki Tsuzuki
3532,Toni Gordon
3533,Allie Spenrath
3534,Ava Regier
3535,Mackenzie McIntyre
3536,Mar Toma Arbos
3537,Hope Dixon
3538,Sabrah Muratirende
3539,Brynn Endicott
3540,Ayva Khan
3541,Tony Fuchsbauer
3542,Jenessa Ramsoomair
3543,Maddy Stata-Luzental
3544,Treyah Paquette
3545,Taylor Gottselig
3546,Emerson Pekush
3547,Maya Flindall
3548,Logan Reider
3549,Alexis Lewans
3550,Ella Murph Wiebe
3551,Rose Fall
3552,Makeba Taylor
3553,Jaya Saroya
3554,Aranza Molina
3555,Lovisa Ehrnstrom
3556,Sydney Bradshaw
3557,Ryann Lee
3558,Cassidy Buchanan
3559,Jazmin Avila
3560,Mona Berlitz
3561,Cerys Merton
3562,Taelor Coxford
3563,Ryann Krismanson
3564,Emilia Banmann
3565,Stella Lagrange
3566,Kiarra Kelly
3567,Sofia Ains Lluch
3568,Reegan Bond
3569,Gurveer Sidhu
3570,Bernie Leda
3571,Alisha Weloy
3572,Ana-Maria Misic
3573,Lauren Clements
3574,Olivia Lounsbury
3575,Madison Storme
3576,Sophia Fuller
3577,Bella Mesquita
3578,Sveta Boykova
3579,Nyemuon Padhal
3580,Amrit Manak
3581,Tegan Mackinnon
3582,Brooke Kendal
3583,Raia Guinto
3584,Raizel Guinto
3585,Julia Schatkowsky
3586,Tamiya Ness
3587,Sadie McMillan-Stowards
3588,Sarah Boitson
